Type,Construction Type,Floor Area,Floors in the Building,Number of Rooms,Number of Bathrooms,Renovation,Land Area,Number of Guests,Children Are Welcome,Pets Allowed,Utility Payments,Prepayment,Address,Price,Currency,Description,Datetime,Furniture,Garage,Amenities,Appliances,Links
House,Stone,130 sq.m.,2,5,3+,Designer Renovation,500 sq.m.,8+,Yes,Yes,Included,By Agreement,Gegharkunik › Sevan,"$1,100 monthly",USD,"Օրավարձով և երկարաժամկետ վարձակալության է տրվում դիզայներական ոճով վերանորոգված սեփական տուն՝ Սևանա լճի ափին։ Տունը նախատեսված է 10 անձի համար։Վերանորոգումը կատարվել է 2022թ-ի օգոստոս ամսին։Մահճակալները նոր են՝ օրթոպետիկ ներքնակներով, առկա է 3 սանհանգույց, սպասք, ինտերնետի հասանելիություն, սմարթ հեռուստացույց, բարձրակարգ մեդիա համակարգ, սառնարան, միկրոալիքային վառարան, թեյնիկ, մանղալ իր պարագաներով և այլն։Сдается посуточно и долгосрочно частный дом с дизайнерским ремонтом в Шорже, на берегу озера Севан. Дом рассчитан на 10 человек.Ремонт сделан в августе 2022 года.Кровати новые с ортопедическими матрасами, есть посуда, интернет, смарт ТВ, медиасистема высокого класса, холодильник, микроволновая печь, чайник, мангал с принадлежностями и т. Д.Также возможна аренда двора, цена будет 60 000 драм.Translated from Armenian",Nov-24-2022_22-58,,,,,https://list.am/en/item/18202726
House,Stone,130 sq.m.,1,4,1,No Renovation,1200 sq.m.,,,,,,"Sevan-Martuni Highway, Lichk","65,000 ֏ monthly",AMD,"For sale, in case of long-term desire, sale.Translated from Armenian",Nov-24-2022_22-58,,,,,https://list.am/en/item/17554338
House,Stone,64 sq.m.,1,3,1,Designer Renovation,120 sq.m.,7,Yes,No,Included,By Agreement,Gegharkunik › Sevan,"45,000 ֏ daily",AMD,3 bedroomsbathroombalconyliving roomsmall kitchenlake view**6-7 people**Code angar3Translated from Armenian,Nov-24-2022_22-58,Available,Not available,"TElevision, barbecue oven, gazebo",FRidge,https://list.am/en/item/18075167
House,Stone,145 sq.m.,1,4,1,Euro Renovation,600 sq.m.,,,,,,"Sayat-Nova Street 31/1, Sevan","15,000 ֏ daily",AMD,"Առանձնատունը կահավորված է, ջեռուցվում է, կա ամեն գույք բնակվելու համար։ Սևանա լճի լողափից 10րոպե (քայլք) հեռավորություն։ Դպրոց, մանկապարտեզ, խանութներ հարևանությամբ։ Լայնարձակ բակ + այգի + ավտոկայանատեղի։ Տրվում է նաև երկարաժամկետ։ Дом сдаётся со всеми принадлежностяами для прожывания, дом находится в тихом спокойном районе города Севана, не долеко от озеро Севана пишком 10 минут, рядом школа (напровление русское), детсад, прогулочный сад, стадион, личная порковка и т. Д. Երկարաժամկետ, կամ ամսեկան վարձակալության դեպքում այլ վճար 180000amd на длительный срок",Nov-24-2022_22-58,,,,,https://list.am/en/item/17541948
Country House,Bricks,30 sq.m.,1,3,1,Designer Renovation,50 sq.m.,,,,,,Gegharkunik › Sevan,"15,000 ֏ daily",AMD,The cabin is located on the shore of Sevan near Harnskar. It has been fully renovated. It has 2 bedrooms and 1 living room. It is located 30 m from the shore in the forest area. It is very suitable for organizing family vacations.Translated from Armenian,Nov-24-2022_22-58,,,,,https://list.am/en/item/18094514
Country House,Stone,80 sq.m.,1,4,1,Major Renovation,,,,,,,"Yerevanyan highway, Սևան","35,000 ֏ daily",AMD,"LAVANDA CITY LAVANDA CITY LAVANDA CITY:Spacious living roomKitchen (refrigerator, dishes)Bathroom3 spacious bedroomsSpacious balconyHeating system, permanent cooling: Cold waterGreen garden,Pavilion, barbecue,Parking:Code KV002Translated from Armenian",Nov-24-2022_22-58,,,,,https://list.am/en/item/14389879
House,Stone,46 sq.m.,1,2,2,Major Renovation,30 sq.m.,,,,,,"Sayat Nova street, Sevan town","12,000 ֏ daily",AMD,"A house with 2 separate apartments for daily rent (Sevan city)The apartments are designed for 3-4 people.Each apartment has:1 bathroom1 bedroomkitchenhot and cold waterelectric gas stoverefrigeratornecessary utensilssmart tv1 double bed1 sofa (folding)Wi-FiThe apartments are rented both separately and together.The cost of renting each apartment for one day is AMD 12,000.In case of renting together, there will be a discount system.Discounts will also apply if you rent for 2 or more days.The distance to the beach is 1.5 km from the house.Address: Sayat-Nova 26, c. Sevan.Translated from Armenian",Nov-24-2022_22-58,,,,,https://list.am/en/item/17999446
Country House,Wooden,27 sq.m.,1,2,1,Major Renovation,,,,,,,Gegharkunik › Sevan,"15,000 ֏ daily",AMD,"A house for rent on the banks of the Sevan, two rooms with their own gazebos, 30 meters from the shore. Gazebo house. Domik irenc besedkovTranslated from Armenian",Nov-24-2022_22-58,,,,,https://list.am/en/item/18091147
House,Stone,110 sq.m.,1,4,1,Old Renovation,300 sq.m.,7,Yes,Yes,Not included,2 months,"Դեմիրճյան փողոց 32, Գավառ","40,000 ֏ monthly",AMD,"The house is located in the province, near the vaikomatTranslated from Armenian",Nov-24-2022_22-58,Available,Not available,,,https://list.am/en/item/18220410
House,Stone,80 sq.m.,1,2,1,Old Renovation,,1,No,No,Not included,By Agreement,Gegharkunik › Shoghakat,"70,000 ֏ monthly",AMD,"A private house on the shore of Lake Sevan in the village of Shorzha is for sale, exchange or rent. The house consists of four rooms, a kitchen, a bathroom and a bathroom are located inside the house. There is a large open balcony in front of the house. The house is gasified, 2 gas stoves and a water heater are installed, it is provided with constant water and electricity, the wires of which have been changed.The house is located in the center of the plot, it has no common walls with the neighbors. In front of the house there is a large garden with fruit trees, in the back of the house there is a large, watered plot for cultivation. There is a large cellar and a barn in the yard. An iron gate is installed, the door of the house is also iron. The house is furnished, if necessary, dishes and bedding will be provided. In front of the house there is a large garden and a yard that can be used as a parking lot.Translated from Armenian",Nov-24-2022_22-58,Available,1 spot,,,https://list.am/en/item/17580753
House,Stone,1100 sq.m.,1,3,1,Euro Renovation,,,,,,,Gegharkunik › Sevan,"30,000 ֏ daily",AMD,"Օրավարձով/երկարաժամկետ է տրվում ամառանոց Սևանի թերակղզում։ Ամառանոցը ամբողջությամբ շրջապատված է սոճիների անտառով և նախատեսված է ընտանեկան հանգստի համար (2-3 ընտանիք կտեղավորվի), տարածքը ցանկապատված է և առանձնացված։ Տարածքում կա 2 տաղավար` Մեծ (40-45 տեղանոց) և փոքր (8-10 տեղանոց), աղյուսից մանղալ բոլոր պարագաներով, տեռաս (բալկոն) բացօթյա նստելու համար, խոհանոց (սպասք, սառնարան, տաք ջուր, թեյնիկ), սանհանգույց (առաջին անհրաժեշտության հիգիենիայի պարագաներով) ։ Առանձնատունը ունի անմիջական ելք դեպի լճի ափ և մոտ է Սևանավանքին (50մ) ։ Գինը` Սակարկելի։Ru.Сдаётся летний дом на полуострове Севан посуточно. Летний дом полностью окружен сосновым лесом и предназначен для семейного отдыха (разместятся 2-3 семьи), территория огорожена и отделена. На территории 2 павильона: Большой (40-45 мест) и малый (8-10 мест), кирпичный мангал со всеми принадлежностями, терраса (балкон) для посиделок на свежем воздухе, кухня (посуда, холодильник, горячая вода, чайник), санузел (с необходимыми предметами гигиены) Дом имеет прямой выход к берегу озера и находится недалеко от Севанаванка (50м) Цена договорная.Eng:Summer house for daily rent on the Sevan peninsula. The summer house is completely surrounded by a pine forest and is designed for family holidays (2-3 families can accommodate), the area is fenced and separated. There are 2 pavilions on the territory: A large one (40-45 seats) and a small one (8-10 seats), a brick barbecue with all accessories, a terrace (balcony) for outdoor gatherings, a kitchen (dishes, a refrigerator, hot water, a kettle), a bathroom (with the necessary hygiene items) The house has direct access to the lake and is located near Sevanavank (50m) The price is negotiable",Nov-24-2022_22-58,,,,,https://list.am/en/item/18024208
Country House,Stone,50 sq.m.,1,3,1,Major Renovation,550 sq.m.,6,Yes,No,By Agreement,By Agreement,Gegharkunik › Sevan,"35,000 ֏ daily",AMD,"A comfortable cottage for daily rent in Sevan Lavender City, with all amenities. Minimum 3 days. Long-term rental is also possible. Call for questions.Translated from Armenian",Nov-24-2022_22-58,Available,3 or more spots,,,https://list.am/en/item/17870313
Country House,Stone,100 sq.m.,1,3,1,Major Renovation,,7,Yes,No,Not included,By Agreement,Gegharkunik › Sevan,$700 monthly,USD,"Я собственникЗдается вилла, коттедж на берегу озера Севан.В вилле есть все принадлежности для отдыха и организование пикника. В Вилле могут проживать до семьи человек и вилла включает из себя из двух спален и гостиной комнатой.Вилла сдаётся на длительный срок. Все подробности по телефону. Можете также позвонить на Viber, WhatsApp и TelegramՍեփականատերն եմ:Օրավարձով է տրվում երեք սենյականող առանձնատուն Սևանում: Առկա է անվճար ինտերնետ: Տարածքը պարսպապատ է և հսկվում է: Պատշգամբից բացվում է գեղեցիկ տեսարան դեպի Սևանա լիճը: Երկու և ավելի օր վարձակալելու դեպքում վարձը սակարկելի է: Հարմար է տարատեսակ միջոցառումների կազմակերպման համար։ Գիշերակաց հնարավոր է մինչև 8 անձի համար:Villa for rent in Sevan. From the terrace is opening a great view to the lake. The place is surrounded with different kind of trees. The price for one night is mentioned below. The Villa has all the necessary equipment's. In case of booking for more than one night discounts are applicable. The maximum capacity is for 8 person.",Nov-24-2022_22-58,Available,1 spot,,,https://list.am/en/item/11836807
House,Stone,80 sq.m.,1,3,1,Euro Renovation,"10,000 sq.m.",8+,Yes,Yes,Not included,Without prepayment,"Шоссе Ереванян 3, Севан","30,000 ֏ daily",AMD,"Комфортабельный коттедж со всеми удобствами сдается посуточно в городе Лаванда.Постоянная горячая-холодная вода, кухня /газ/, холодильник, 2 спальни.Просторный двор, есть беседка, мангал, парковка.Прекрасный вариант для полноценного семейного отдыха.",Nov-24-2022_22-58,,,,,https://list.am/en/item/17958215
Country House,Stone,300 sq.m.,1,3,1,Euro Renovation,,7,Yes,No,Included,By Agreement,Gegharkunik › Sevan,"25,000 ֏ daily",AMD,"The summer house is for daily rent, located on the beach near the Maria Resort in Sevan, a few meters from the shore, with all utilities,thoroughly reconstructed,is full of furniture, dishes,windows and doors of European production,the bathroom is tiledconstant cold water,open balcony, outside door is ironTranslated from Armenian",Nov-24-2022_22-58,Available,3 or more spots,,,https://list.am/en/item/17994607
House,Stone,70 sq.m.,1,3,1,Designer Renovation,1200 sq.m.,6,Yes,Yes,Included,1 month,Gegharkunik › Sevan,"100,000 ֏ daily",AMD,Месячной зарплатой предлагаю домTranslated from Armenian,Nov-24-2022_22-58,,Not available,,,https://list.am/en/item/17932647
Country House,Wooden,28 sq.m.,1,3,1,Designer Renovation,,,,,,,Gegharkunik › Gavar,"7,000 ֏ daily",AMD,"Capital renovated, located on the banks of Sevan, 3-room apartment, bright and very quiet and comfortable place. Daily rent 7000, monthly rent 90000, very close to Gavar Yerevan road. Call for questions.Translated from Armenian",Nov-24-2022_22-58,,,,,https://list.am/en/item/18372289
Country House,Stone,500 sq.m.,2,3,1,Major Renovation,700 sq.m.,8+,Yes,Yes,Not included,1 month,"Կենտրոնական հրապարակ 10, Գավառ","50,000 ֏ daily",AMD,"Summer house is located in Hayravank village, it has 3 bedrooms, a spacious living room, there is constant gas, water (hot or cold)restaurant (1 km), located in Hayravank church, family holiday is located 700 m away from the lakeCode 9103Translated from Armenian",Nov-24-2022_22-58,Available,Not available,,,https://list.am/en/item/16289789
House,Stone,150 sq.m.,1,5,1,Partial Renovation,800 sq.m.,8+,Yes,Yes,Not included,Without prepayment,"Vardan Mamikonyan street, Tairov","70,000 ֏ monthly",AMD,"Վարձով է տրվում ընդարձակ տոն բոլոր կոմունալ հարմարություններով`ջուր գազ հոսանք։ Տունը տրվում է կահույքով ։ Գործակալություն չէСдается просторный дом со всеми коммуникациями: Вода, газ, электричество. Дом меблирован. Не агентствоFor rent, a spacious house with all utilities: Water, gas, electricity. The house is furnished. Not an agency",Nov-24-2022_22-58,Available,Not available,,,https://list.am/en/item/18348349
Country House,Stone,100 sq.m.,1,2,1,Major Renovation,,,,,,,Gegharkunik › Sevan,"180,000 ֏ monthly",AMD,"Частный дом, чистый новый, все окуратно, со всеми услугами.",Nov-24-2022_22-58,,,,,https://list.am/en/item/17791116
House,Stone,220 sq.m.,1,2,1,Major Renovation,500 sq.m.,6,Yes,Yes,Included,By Agreement,Gegharkunik › Sevan,"20,000 ֏ daily",AMD,"Cottage on the shore of Lake Sevan.* 2 bedrooms* 1 bathroom* mangal, (barbecue bottle)* dishes, bedding (for 5 people)*pavilion* parking lot* Wi-Fi* TVSpend your vacation on the shore of Lake Sevan.For more information call:Check-in: Check in at 14:00Check-out: Departure 12:00Code RaymondTranslated from Armenian",Nov-24-2022_22-58,Available,1 spot,,,https://list.am/en/item/17898393
Country House,Wooden,16 sq.m.,1,1,1,Major Renovation,,2,Yes,Yes,Included,Without prepayment,Gegharkunik › Sevan,"8,000 ֏ daily",AMD,"Hello dear visitor.A wooden cottage is for daily rent on the banks of Sevan, in the Yeghevni forest. House cabinThe name of the cottage is ""Triangle"", it is designed for two people, the front part of the cottage opens if desired.The price is AMD 8,000 instead of AMD 19,000.Price includes:1. Entrance to White Shorja2. Breakfast (for 3 persons)3. Fields (Football, Volleyball)4. Children's games5. Parking lot6. Pistols7. Music8. Evening bonfireWe also have other services:1. The restaurant2. Tents3. Horse riding4. Sailing5. Scooters6. Photo sessionWe look forward to your reservations.We are located on the shore of Lake Sevan, in the fir forest, near the village of Shorzha.Translated from Armenian",Nov-24-2022_22-58,Available,1 spot,,,https://list.am/en/item/17669170
Country House,Wooden,25 sq.m.,1,1,1,Major Renovation,,4,Yes,Yes,Included,Without prepayment,Gegharkunik › Sevan,"20,000 ֏ daily",AMD,"Hello dear visitor. A brand new wooden cottage is for daily rent on the banks of Sevan, in the forest of Yeghevni. Qotej Sevan, Shorja Sevanum, cottage in the forest, Rent house on the beachThe name of the cottage is ""VIP"" (our largest cottage and most comfortable)The cottage has a comfortable bathroom and a bathtub.The price is AMD 20,000 instead of AMD 50,000.Price includes:1. Entrance to White Shorja2. Breakfast (for 3 persons)3. Fields (Football, Volleyball)4. Children's games5. Parking lot6. Pistols7. Music8. Evening bonfireWe also have other services:1. The restaurant2. Tents3. Horse riding4. Sailing5. Scooters6. Photo sessionWe look forward to your reservations.We are located on the shore of Lake Sevan, in the fir forest, near the village of Shorzha.Translated from Armenian",Nov-24-2022_22-58,Available,1 spot,,,https://list.am/en/item/17685758
House,Wooden,17 sq.m.,1,1,1,Major Renovation,,2,Yes,Yes,Included,Without prepayment,Gegharkunik › Sevan,"8,000 ֏ daily",AMD,"Hello dear visitor. The ""Triangle"" cottage on the banks of Sevan, in the spruce forest, is for daily rent for 2 people. Qotej Sevan, Shorja, cottage in the forest, Rent house on the beachThe price is AMD 8,000 instead of AMD 19,000.Price includes:1. Entrance to White Shorja2. Breakfast (for 2 persons)3. Fields (Football, Volleyball)4. Children's games5. Parking lot6. Pistols7. Music8. Evening bonfireWe also have other services:1. The restaurant2. Tents3. Horse riding4. Sailing5. Scooters6. Photo sessionWe look forward to your reservations.We are located on the shore of Lake Sevan, in the fir forest, near the village of Shorzha.Translated from Armenian",Nov-24-2022_22-58,,,,,https://list.am/en/item/17838256
Country House,Stone,190 sq.m.,2,4,3+,Euro Renovation,,,,,,,Gegharkunik › Norashen,"70,000 ֏ daily",AMD,"Gexama Ashxarh քոթեջը իր հյուրընկալ դռներն է բացում այցելուների առաջ։ Առանձնատունը գտնվում է Սևանի ափին, նոր է վերանորոգված, կահավորված, Ունի կոմունալ բոլոր հարմարությունները,3 և ավել օրերի ամրագրման դեպքում կգործեն զեղչեր։️ Հարմարավետ հանգիստ️ Գեղեցիկ ինտերիեր️ Ընտանեկան ջերմ մթնոլորտՁեզ ենք առաջարկում `4 ննջարանԸնդհարձակ հյուրասենյակ3 սանհանգույց որից մեկը ննջասենյակումԽոհանոց ` Սնունդը տեղում պատրաստելու բոլոր հնարավորություններովԱնվճար Wi-FiԳազ, մշտական ջուր (սառը և տաք)Մանղալ, թոնիրГостевой дом Gexama Ashxarh открывает свои гостеприимные двери для посетителей.Мы предлагаем вам `4 спаленБольшая гостиная3 санузлаКухня со всеми удобствами для приготовления пищи на местеКомнаты, оборудован всеми техническими и коммунальными удобствамиОткрытый балкон с красивым видом на Озеро СеванБесплатный Wi-FiБеседка и мангалИдеально для семейного отдыха и для мероприятия. Это наилучшее место для супружеских пар, активных групп и семей. Погостить и хорошо провести время могут до 25 человек, ночевать в гостевом доме - до 9 человекДля подробностей и бронирование можете написать или позвонить.",Nov-24-2022_22-58,,,,,https://list.am/en/item/17725217
Townhouse,Stone,90 sq.m.,1,1,1,Designer Renovation,,,,,,,Gegharkunik › Gavar,"50,000 ֏ daily",AMD,"Арендуйте уютные коттеджи на берегу озера Севан. Комфортабельный коттедж предлагает уютный дом для проведения отдыха. Коттедж на берегу озера Севан, шикарный дизайн,   большая гостиная,   1 спальная комната, оборудован всеми техническими и коммунальными удобствами, кухня со всеми удобствами для приготовления пищи на месте.Идеально для семейного отдыха и для мероприятия. Это наилучшее место для супружеских пар, активных групп и семей.Коттеджи Gexama Ashxarh удобны для проживание до 4 человек. Заплатите 50.000 за день.Для подробностей и бронирование можете написать или позвонить",Nov-24-2022_22-58,,,,,https://list.am/en/item/17800470
Country House,Stone,50 sq.m.,1,3,1,Euro Renovation,,,,,,,Gegharkunik › Sevan,"15,000 ֏ monthly",AMD,"Сдаётся в аренду дача. Местоположение город Севан, в ЛАВАНДА СИТИ. 15,000 драмов в сутки. При желании можем отвезти и привезти обратно 7000 драмов туда, 7000 драмов обратно. Минимальный срок аренды 3 дня!",Nov-24-2022_22-58,,,,,https://list.am/en/item/17983178
House,Stone,440 sq.m.,2,8+,1,Cosmetic Renovation,2640 sq.m.,5,Yes,No,Not included,3 months,Gegharkunik › Vardenis,"180,000 ֏ monthly",AMD,"A two-story house is for rent in Vardenis city, there is constant hot and cold water, a cattle shed, a garage, fruit trees, it is for long-term rent, only those who really want to call.Translated from Armenian",Nov-24-2022_22-58,,,,,https://list.am/en/item/18368897
Country House,Wooden,100 sq.m.,1,2,1,Cosmetic Renovation,2000 sq.m.,6,Yes,Yes,Included,By Agreement,Gegharkunik › Sevan,"8,000 ֏ daily",AMD,"2,3,4-room cottages are for daily rent on the shores of Xi'an, Furnished, clean+ free pavilions, playground, cottages.There is also a 4-room cottage for 8 to 10 peopleThere are also separate pavilions on the family beach, prices starting from 3 thousand dramsTranslated from Armenian",Nov-24-2022_22-58,Not available,1 spot,,,https://list.am/en/item/17884918
Country House,Stone,70 sq.m.,1,3,1,Designer Renovation,200 sq.m.,,,,,,Gegharkunik › Sevan,"20,000 ֏ daily",AMD,Удобный коттедж в гостеприимной Лаванде Сити.,Nov-24-2022_22-58,,,,,https://list.am/en/item/18006616
House,Stone,280 sq.m.,2,6,1,Old Renovation,1000 sq.m.,8+,Yes,Yes,Not included,By Agreement,"Sardaryan street 2, Stepanakert",$800 monthly,USD,"A private house is for rent in Lanjaghbyur village, Gegharkunik region. There are fruit trees in the garden, it is fenced, has a garage, tonratun and warehouses.Translated from Armenian",Nov-24-2022_22-58,,3 or more spots,,,https://list.am/en/item/17479799
House,Stone,1200 sq.m.,2,3,2,Major Renovation,,,,,,,"Ազատության փողոց 21, Սևան","35,000 ֏ daily",AMD,"Վարձով է տրվում առանձնատուն Սևան քաղաքում:Տունը գտնվում է լճից 600 մետր հեռավորության վրա, Հարսնաքարի հարևանությամբ։Ընդհանուր մակերեսը կազմում է 1200քմ բնակելի` 110քմ, ննաջսենյակների քանակը՝ 3:Առանձնատունն ունի կաթսայատուն (BAXI), լվացքի մեքենա: Ապահովված է մշտական տաք և սառը ջրով:Վարձով տրամադրվում են նաև առանձին սենյակները օրական 15000-20000 դրամով։Տունը տրվում է նաև երկարաժամկետ վարձկալության։Дом в 600 метрах от озера Севан.Сдается посуточно полностью отремонтированный частный дом со всеми удобствами.Общая площадь 1200 кв. М. , жилая площадь: 110 кв. М. , количество спален: 3.В доме есть котельная (BAXI), стиральная машина. Обеспечены постоянной горячей и холодной водой.Возможна аренда отдельных комнат за 15 000-20 000 драм в сутки.Дом также доступен для долгосрочной аренды.House 600 meters from Lake Sevan.House for rent in Sevan.Total area 1200 sq. M. , living area: 110 sq. M. , number of bedrooms: 3.The house has a boiler room (BAXI), washing machine. Provided with constant hot and cold water.Separate rooms are also available for rent for 15,000-20,000 AMD per day.The house is also available for long-term rent.",Nov-24-2022_22-58,,,,,https://list.am/en/item/18153650
Country House,Stone,90 sq.m.,1,3,1,Designer Renovation,500 sq.m.,6,Yes,Yes,Not included,By Agreement,"Camp Roadway 1st lane, Gorgoch","40,000 ֏ daily",AMD,"Sevan-Shorzha summer house is located next to Whithe shorna. Near the shore. It is furnished, with dishes, appliances, wi fi, hot and cold water. Daily rent.Translated from Armenian",Nov-24-2022_22-58,Available,Not available,,,https://list.am/en/item/17829169
Country House,Stone,500 sq.m.,1,4,1,Partial Renovation,,,,,,,Gegharkunik › Sevan,"30,000 ֏ daily",AMD,"Family summer house in Sevan Peninsula, for 8-11 + people. There are also more rooms, call for details.It is a closed area, you will enjoy the rest only with your family/friends. There are shops and restaurants nearby. You can also visit Sevanavank.20% (20,000 AMD) discount if you book for 3 days(15,000 drams for 4 people)There areFree ParkingHot waterKitchenDishesGasRefrigeratorBathroomBathroomPavilions outsideTranslated from Armenian",Nov-24-2022_22-58,,,,,https://list.am/en/item/18063753
House,Wooden,50 sq.m.,1,3,1,Major Renovation,36 sq.m.,4,Yes,No,By Agreement,2 weeks,Gegharkunik › Sevan,"15,000 ֏ daily",AMD,A cabin is for rent on the Sevan Peninsula. It has all utilities and household facilities. Hot and cold water is provided for 4-6 people. Besetka grill is provided. It is about 150 m away from the coast. It is very suitable for relaxing with the family. There will be a discount for long-term borrowing. It is close to the church. Details by phone.Translated from Armenian,Nov-24-2022_22-58,,,,,https://list.am/en/item/17696388
House,Cassette,50 sq.m.,1,2,1,Major Renovation,27 sq.m.,4,Yes,No,By Agreement,2 weeks,Gegharkunik › Sevan,"10,000 ֏ daily",AMD,A cottage is for rent on the Sevan peninsula. Has all utilities and household facilities. Hot and cold water. Besetka and Mangal. Designed for 4-6 people. Details by phone.Translated from Armenian,Nov-24-2022_22-58,,,,,https://list.am/en/item/17696407
House,Stone,64 sq.m.,1,2,1,Designer Renovation,470 sq.m.,4,Yes,Yes,By Agreement,By Agreement,Gegharkunik › Sevan,"30,000 ֏ daily",AMD,"A private house in the city of Sevan is available for daily rent, which has two bedrooms, a comfortable kitchen, a bathroom, an open pavilion and a balcony. Designed for 4-5 people. For details, call the number indicated:Code RuDsevanTranslated from Armenian",Nov-24-2022_22-58,By agreement,Not available,,,https://list.am/en/item/18076725
House,Stone,74 sq.m.,1,1,1,Designer Renovation,235 sq.m.,2,Yes,No,By Agreement,By Agreement,Gegharkunik › Sevan,"12,990 ֏ daily",AMD,"Anabela SevanVery comfortable wooden cabins for 2 people on the shore of Lake Sevan are for daily rent. The option has one bedroom, bathroom, nice outdoor seating area, close to the lake. Call these numbers for details.Code AnabelaTranslated from Armenian",Nov-24-2022_22-58,By agreement,Not available,,,https://list.am/en/item/18044550
Country House,Stone,50 sq.m.,1,3,1,Euro Renovation,50 sq.m.,,,,,,Gegharkunik › Sevan,"20,000 ֏ daily",AMD,"3-room country house for rent in Lavanda City, Sevan. The summer house has 2 bedrooms, a bathroom, constant water, a large area outside for family gatherings. The cost is 20,000 AMD for 1 day.There is also a passenger transport service - 10,000 drams to take, and 10,000 drams to bring back.For more information callTranslated from Armenian",Nov-24-2022_22-58,,,,,https://list.am/en/item/17979563
House,Stone,200 sq.m.,1,6,2,Old Renovation,1700 sq.m.,8+,Yes,Yes,Not included,1 month,"Ելենովկա փողոց 10, Սևան","500,000 ֏ monthly",AMD,Сдается дом на аренду,Nov-24-2022_22-58,,,,,https://list.am/en/item/17475634
Country House,Stone,180 sq.m.,1,3,1,Designer Renovation,1000 sq.m.,6,Yes,Yes,Not included,By Agreement,"Nairyan Street, Sevan town","220,000 ֏ monthly",AMD,"Գտնվում է Սևանա լճի ափինԱռանձնատների թաղամասում ։Հնարավոր է և օրական և ամսական վճարով ։ կատարված է գեղեցիկ դիզայներական վերանորոգում ։ ունի կոմունալ բոլոր հարմրությունները, պատրաստ է բնակեցման ։ շատ շտապ ։Զանգահարեք viber-ի համարինРасположен на берегу озера Севан. В районе особняков. Возможна посуточная и помесячная оплата. Сделан красивый дизайнерский ремонт. Есть все коммуникации, готова к проживанию. Очень срочно. Позвонить по номеру вайбера",Nov-24-2022_22-58,,,,,https://list.am/en/item/18282868
House,Stone,150 sq.m.,2,4,2,Major Renovation,1800 sq.m.,8+,Yes,No,By Agreement,By Agreement,Gegharkunik › Sevan,"100,000 ֏ daily",AMD,"Artur PanoramaA two-story private house in Sevan is for daily rent, which has two floors, in which there are 4 bedrooms, two bathrooms, a living room, a kitchen with all its amenities. It has an open balcony with a beautiful view of Lake Sevan. It is planned for 8 people overnight.Code ArturTranslated from Armenian",Nov-24-2022_22-58,By agreement,Not available,,,https://list.am/en/item/17798990
House,Stone,35 sq.m.,2,4,1,Designer Renovation,325 sq.m.,5,Yes,No,By Agreement,By Agreement,"Nairyan Street, Sevan town","17,000 ֏ daily",AMD,"Sevan ZIM Hotel:The hotel complex is presented in more detail in the video:These rooms of the hotel complex located in the center of the city are intended for two to five people.There are two types of numbers* For 2-3 people - 1 bedroom - 15 000* Designed for 4-5 people - 2 bedrooms - 25,000The rooms are provided with all the utility-technical facilities.There are supermarkets and banks in the area.It is close to a public beach.It is a very convenient option for spending rest.Call for details, mentioning the name of the version: Sevan ZIM Hotel.Code Zim hyurTranslated from Armenian",Nov-24-2022_22-58,By agreement,Not available,,,https://list.am/en/item/16580488
House,Stone,64 sq.m.,2,2,1,Designer Renovation,32 sq.m.,5,Yes,Yes,By Agreement,By Agreement,"Sayat Nova street, Sevan town","12,000 ֏ daily",AMD,"Central CottageNew Year's prices are now available.This small cottage is located in the center of Sevan city.It has one bedroom, living room, small kitchen equipped with all amenities.It also has a parking lot. Close to the public beach.For details, please call, specifying the name of the option: Central Cottage.Translated from Armenian",Nov-24-2022_22-58,Available,Not available,,,https://list.am/en/item/16576599
Country House,Stone,150 sq.m.,2,3,1,Euro Renovation,3000 sq.m.,,,,,,Gegharkunik › Martuni,"15,000 ֏ daily",AMD,"Welcome to AlekSun family guest houseImmersed in the forest on one side and surrounded by majestic mountains on the other, our warm guest house will fill your day with the most mysterious and vivid memories.Translated from Armenian",Nov-24-2022_22-58,,,,,https://list.am/en/item/18365530
House,Stone,170 sq.m.,1,4,1,Old Renovation,900 sq.m.,8+,Yes,Yes,Not included,1 month,Gegharkunik › Tsovazard,"150,000 ֏ monthly",AMD,Also for sale. 100 meters from the banks of the SevanTranslated from Armenian,Nov-24-2022_22-58,Available,2 spots,,,https://list.am/en/item/18364800
House,Stone,150 sq.m.,2,3,1,Major Renovation,1000 sq.m.,8+,Yes,No,Not included,Without prepayment,Gegharkunik › Sevan,"30,000 ֏ daily",AMD,"Luxury private house in Sevan1, 2 and 3-room house for daily rent with everything, very suitable for enjoying a complete family vacationHas all utilitiesWe can offer several options,The price depends on the number of days and persons, starting from AMD 30,000House dacha cottage guest houseTranslated from Armenian",Nov-24-2022_22-58,Available,3 or more spots,,,https://list.am/en/item/18190893
Country House,Stone,150 sq.m.,1,4,1,Major Renovation,150 sq.m.,,,,,,Gegharkunik › Sevan,"35,000 ֏ daily",AMD,"Lavanda city - ում օրավարձով է տրվում հարմարավետ քոթեջ իր բոլոր հարմարություններով։Մշտական տաք և սառը ջուր, խոհանոց /գազ/, սառնարան, 2 ննջարան։Ունի ընդարձակ բակ, ունի բեսետկա, մանղալ, ավտոկայանատեղի։Հրաշալի տարբերակ ընտանեկան լիարժեք հանգստի համար։Сдаётся одноэтажный дом на озере Севана. В сосновом лесу. От озера до дома 200 метров ходьбы.Дом расположен в районе ""Лаванда Сити"".В доме комфорт и уют. В доме один сан узел, горячая и холодная вода, три спальни, кухня и зал. В доме есть всё необходимое для отдыха и проживания. В доме тепло и уют. Во дворе есть беседка для пикника. А также есть катер в в своём расположении. Территория охраняемая, есть пропускной пункт.Translated from Armenian",Nov-24-2022_22-58,,,,,https://list.am/en/item/18048387
Country House,Bricks,100 sq.m.,1,3,1,Designer Renovation,500 sq.m.,8+,Yes,Yes,By Agreement,By Agreement,Gegharkunik › Sevan,"35,000 ֏ daily",AMD,"Guest House (Cabin) is for daily rent. The guest house is located on the shore of Lake Sevan, in the village of Tsovazard. It has communal facilities, a kitchen with its own kitchen utensils, a bathroom, two bedrooms, a large living room for 10 people, a toaster, a grill and a fireplace in the living room. For more information call: Discounts apply for long term rentals.Translated from Armenian",Nov-24-2022_22-58,,Not available,,,https://list.am/en/item/17866926
House,Stone,3000 sq.m.,1,3,1,Old Renovation,2800 sq.m.,1,Yes,Yes,Included,Without prepayment,Gegharkunik › Shoghakat,"25,000 ֏ monthly",AMD,"It is close to Lake Sevan, has a large plot of land, has an orchard, 2 storerooms, a barn.Translated from Armenian",Nov-24-2022_22-58,Available,1 spot,,,https://list.am/en/item/18242673
House,Stone,54 sq.m.,1,2,1,Major Renovation,472 sq.m.,8+,Yes,No,By Agreement,By Agreement,Gegharkunik › Sevan,"23,000 ֏ daily",AMD,"New Year's prices are now available.A beautiful and comfortable cottage on the shore of Lake Sevan is for daily rent. They have 2 bedrooms, living room-kitchen. They have a pavilion and barbecue in the yard.Code Raymond5Translated from Armenian",Nov-24-2022_22-58,Available,2 spots,,,https://list.am/en/item/17931355
Country House,Stone,110 sq.m.,1,3,1,No Renovation,1500 sq.m.,,,,,,Gegharkunik › Sevan,"10,000 ֏ daily",AMD,"One-story stone house in Drakhtik village, the house is 200 meters from Seana lake, there is gas and electricity, it is very breezy, it is quiet, the nearby beach is very convenient, call for details, in case of long term, the price is negotiable.Translated from Armenian",Nov-24-2022_22-58,,,,,https://list.am/en/item/18052815
House,Stone,72 sq.m.,1,2,1,Designer Renovation,150 sq.m.,8+,Yes,No,By Agreement,By Agreement,Gegharkunik › Sevan,"60,000 ֏ daily",AMD,"Penisula Summer House:Comfortable cottage on the shore of Lake Sevan. The cottage has all the necessary facilities for a good stay. The cottage has 2 bedrooms, living room, kitchen and bathroom. Here you will spend an unforgettable vacation, because the cottage is located right on the shore of the lake. The cottage has a gazebo and a very nice view of the lake, as well as a swing and a great place to sit.Code SummerHTranslated from Armenian",Nov-24-2022_22-58,By agreement,Not available,,,https://list.am/en/item/16583959
House,Stone,78 sq.m.,1,3,1,Euro Renovation,1200 sq.m.,5,Yes,No,By Agreement,By Agreement,"Երևանյան խճուղի 3, Սևան","20,000 ֏ daily",AMD,"Yaso Land:On the right side of the Sevan-Yerevan highway, in the shade of trees, these newly built stone cottages are an ideal option for family vacations. They are intended for 2 and 5 persons.There will be discounts for 3-day reservations.Search tags: Sevan, private house in Sevan, private house for 5 people.For details, please call, mentioning the option name: Yaso Land.Translated from Armenian",Nov-24-2022_22-58,By agreement,2 spots,,,https://list.am/en/item/16564803
House,Stone,100 sq.m.,1,2,1,Major Renovation,900 sq.m.,7,Yes,Yes,Not included,Without prepayment,Gegharkunik › Sevan,"150,000 ֏ daily",AMD,"3-ех комнатный дом от собственника на 6-7 человек могут свободно жить, очень выгодна для две семи, вся техника и мебель новая, расход на отоплений на хозяина, wi fi, огород, беседка мангал во дворе, место для парковки машины, спокойный район на длительный срок можно и скидку.",Nov-24-2022_22-58,Available,1 spot,,,https://list.am/en/item/17886978
House,Stone,100 sq.m.,1,2,1,Euro Renovation,300 sq.m.,5,Yes,Yes,Not included,By Agreement,Gegharkunik › Sevan,"180,000 ֏ monthly",AMD,Сдаётся частный дом со всеми удобствами и коммуникацией мебелей и техникой можно и по суточному,Nov-24-2022_22-58,Available,1 spot,,,https://list.am/en/item/18063648
Country House,Stone,35 sq.m.,1,2,1,Partial Renovation,100 sq.m.,3,Yes,No,Included,By Agreement,"Նաիրյան փողոց 165, Սևան","20,000 ֏ daily",AMD,A cottage is for rent on the banks of Sevan. Chkalovka community on the youth bankTranslated from Armenian,Nov-24-2022_22-58,Available,Not available,,,https://list.am/en/item/18049752
House,Stone,50 sq.m.,1,3,1,Euro Renovation,2000 sq.m.,,,,,,Gegharkunik › Sevan,"40,000 ֏ daily",AMD,"Newly built cottage, two bedrooms, kitchen, 1 km from Sevan Lake in the Lavender City recreation area.Translated from Armenian",Nov-24-2022_22-58,,,,,https://list.am/en/item/18012395
Country House,Stone,55 sq.m.,1,3,1,Euro Renovation,,,,,,,Gegharkunik › Sevan,"60,000 ֏ daily",AMD,"A country house with all amenities is for rent on the island of Sevan. There is constant hot and cold water. The kitchen is equipped with necessary spaak and pots. In the yard there is a barbecue, a pavilion (бессетка) and a swing.Translated from Armenian",Nov-24-2022_22-58,,,,,https://list.am/en/item/18120599
Country House,Stone,800 sq.m.,2,6,2,Cosmetic Renovation,1500 sq.m.,,,,,,Gegharkunik › Vardenis,"5,000 ֏ daily",AMD,"MonaVard guest house  Vegetable garden and orchardOvernight stayPing-pongBatmitonchessCheckers, dominoeslong shot boarda large library️ Parking  Wi-Fi:20,000 drams for a group without overnight stay,Overnight: 5000 AMD per personAddress: C. Vardenis H. Arzoyan street 3 lane, house 7We are waiting for you with loveTranslated from Armenian",Nov-24-2022_22-58,,,,,https://list.am/en/item/18173008
Country House,Stone,203 sq.m.,1,4,2,Major Renovation,300 sq.m.,5,Yes,No,By Agreement,By Agreement,Gegharkunik › Sevan,"15,000 ֏ daily",AMD,Сдаю 2 комнатный котедж в Севане (Гехама) Даю суточно и по месячному цена по договорурядом с озером Севан,Nov-24-2022_22-58,Available,Not available,"TElevision, internet, barbecue oven","FRidge, coffee maker, washing machine, iron, hair dryer",https://list.am/en/item/18133864
House,Monolith,250 sq.m.,2,6,2,Major Renovation,700 sq.m.,8+,Yes,No,Not included,2 months,Gegharkunik › Sevan,"800,000 ֏ monthly",AMD,"6-room private house is for rent in Shan city, the house is newly renovated, heated by baxi system, hot and cold water around the clock, has 2 bathrooms, balcony, 800 sq. M. Yard. , it is also possible for a daily rent of AMD 80,000Translated from Armenian",Nov-24-2022_22-58,,,,,https://list.am/en/item/17509365
House,Stone,90 sq.m.,2,3,1,Partial Renovation,12 sq.m.,,,,,,Gegharkunik › Sevan,"20,000 ֏ daily",AMD,"The apartment is for rent, a two-storey private house, with constant hot and cold water, 2 km away from the sea, on St. Gavar road, the house will be given to the family. The first floor is given. The 2nd floor is not renovated.Translated from Armenian",Nov-24-2022_22-58,,,,,https://list.am/en/item/17675034
Country House,Stone,80 sq.m.,1,3,1,Designer Renovation,,,,,,,"Yerevanyan highway, Սևան","15,000 ֏ daily",AMD,"Spend your vacation in the cozy corner of Sean.In the forest beauty, a comfortable and warm house covered with white snow will be waiting for your family.The house is designed for up to 6 people, it has:2 bedrooms1 large living roomBathroomKitchenBalcony:As he is provided with all the necessary items.HURRY, SEATS ARE LIMITED.You can call for a reservationSpend your vacation in the cozy and cozy corner of Sean.In #LavendacityWe have discounts for more than two daysCottages for daily rent1 furnished living room,WIFI is available in the cottages2 bedroomskitchenwith all the necessary accessories,One bathroom.Has a balcony.Equipped with necessary dishes and linen.With heating systemPlayground.Summer pavilion.Barbecue, necessary items for making barbecue.Parking.We have discounts for more than 2 daysGuard post.# Holidays#vacation# Family vacation# The best place for a family vacation# daily houses# for daily rent# daily house# daily rent for a private house# սևանալիճ:#lakesevan:#oravardzorqotejner:#oravarcovsevanumqotejner:# սևանումքոթեջ:# daily rental cottagesHoliday homesrest houseFamily vacationprivate houses for daily rentfor daily rentprivate house for daily renta private house for daily rentLake Sanaain the cottageCottages for daily rentTranslated from Armenian",Nov-24-2022_22-58,,,,,https://list.am/en/item/15769509
House,Stone,66 sq.m.,4+,4,1,Major Renovation,,,,,,,Gegharkunik › Gavar,"65,000 ֏ monthly",AMD,"A 4-room apartment with all utilities, equipment and property is for rentTranslated from Armenian",Nov-24-2022_22-58,,,,,https://list.am/en/item/18353894
Country House,Stone,80 sq.m.,1,3,1,Designer Renovation,200 sq.m.,6,Yes,Yes,By Agreement,By Agreement,Gegharkunik › Sevan,"38,000 ֏ daily",AMD,"Cottage for rent in Lavanda City closed district. By the way, the entrance is only with the permission of the security guard. The homeowner warns in advance. The cottage is designed for 4-5 people. The distance from the shore is 600 metersSuitable for family and collective events. The cottage has all the amenities for your rest. Good rest. Without a mediatorTranslated from Armenian",Nov-24-2022_22-58,,,,,https://list.am/en/item/17944078
Country House,Stone,200 sq.m.,2,4,1,Partial Renovation,,,,,,,Gegharkunik › Kalavan,"60,000 ֏ daily",AMD,"House with pool and pavilion for daily rent. It is located near the caravan, in the neighborhood are the historical and cultural monuments of Goshavank and Aghavnavank. Family environment. Good entertainment place, volleyball court, barbecue, Beautiful place near DilijanTranslated from Armenian",Nov-24-2022_22-58,,,,,https://list.am/en/item/18092326
Country House,Stone,40 sq.m.,1,2,1,Cosmetic Renovation,3000 sq.m.,8+,Yes,No,By Agreement,By Agreement,"1st Street, Shorzha","3,500 ֏ daily",AMD,"Անցկացրեք ձեր հանգիստը Սևանի գողտրիկ և հարմարավետ անկյունումՏրվում են օրավարձով քոթեջներ ՇորժայումՄշտական տաք և սառը ջուրՈւնի պատշգամբԱպահովված է սպիտակեղենովԱմառային տաղավարներՄանղալ, խորոված պատրաստելու համար անհրաժեշտ պարագաներԱվտոկայանատեղի",Nov-24-2022_22-58,,Not available,,,https://list.am/en/item/16629710
Country House,Bricks,60 sq.m.,1,4,1,Cosmetic Renovation,3000 sq.m.,8+,Yes,Yes,Included,By Agreement,Gegharkunik › Sevan,"15,000 ֏ daily",AMD,"A 4-room cottage is for daily rent on the shore of Xi'an, on the beach of Forest Melody, for 8 to 10 people. The mentioned price is 15,000 AMD for 24 hours + free pavilions (bag)There are also 2-room cottages on the shore of Xi'an, the price is 8000 AMD per dayQotej:Tnak:Sevan:Home:Bisetka:Hangsti goti:Opel:Iphone:Samsung:Translated from Armenian",Nov-24-2022_22-58,Available,Not available,,,https://list.am/en/item/17721064
Country House,Stone,40 sq.m.,1,1,1,Designer Renovation,5000 sq.m.,4,Yes,Yes,Included,By Agreement,Gegharkunik › Sevan,"15,000 ֏ daily",AMD,"One-room cottage for daily rent in Sean, Lavanda City recreation areaFurnished, clean, property, appliances, disheswith all amenitiesTranslated from Armenian",Nov-24-2022_22-58,Available,Not available,,,https://list.am/en/item/17758645
House,Stone,110 sq.m.,1,4,2,Major Renovation,,8+,Yes,Yes,Included,By Agreement,"Yerevanyan highway, Սևան","100,000 ֏ daily",AMD,"The mansion LAVANDA CITY is available for daily rent for family vacations, as well as for organizing events.It is also given monthly, the price is AMD 450,0003 large and comfortable bedroomsConstant hot and cold water2 Bathroomsliving room, kitchen, WI-FI, refrigerator, TV HTB +grillfireplaceTranslated from Armenian",Nov-24-2022_22-58,Available,3 or more spots,,,https://list.am/en/item/14445906
House,Stone,64 sq.m.,1,3,1,Designer Renovation,112 sq.m.,6,Yes,No,By Agreement,By Agreement,Gegharkunik › Sevan,"40,000 ֏ daily",AMD,"Angar SevanThree-bedroom stone cottages on the shores of Lake Sevan for daily rent, with a beautiful view of the lake, a coastal area, for 6 people.Code Angar:Translated from Armenian",Nov-24-2022_22-58,Available,Not available,,,https://list.am/en/item/18189653
House,Stone,440 sq.m.,3,6,3+,Designer Renovation,860 sq.m.,8+,Yes,No,By Agreement,By Agreement,"Isakov street, Tsamakaberd","220,000 ֏ daily",AMD,"Cross Villa Sevan:A very nice private house in Sevan.With a view of the Sevan peninsula. With its own yard, swimming pool. It has 5 bedrooms, a bathroom, a kitchen, an open balcony with a view of Lake Sevan.Translated from Armenian",Nov-24-2022_22-58,By agreement,Not available,,,https://list.am/en/item/16600748
Country House,Stone,50 sq.m.,1,4,1,Cosmetic Renovation,1000 sq.m.,,,,,,Gegharkunik › Sevan,"10,000 ֏ daily",AMD,"Premises for rest are for daily rent. Stone cottages like cottages with all its communal amenities. You can spend a summer miner with us. For more details, call for details. Prices are negotiable. NEAR MUKUCHITranslated from Armenian",Nov-24-2022_22-58,,,,,https://list.am/en/item/17988631
House,Stone,120 sq.m.,1,4,2,Designer Renovation,200 sq.m.,8+,Yes,Yes,Included,Without prepayment,"Yerevanyan highway, Սևան","30,000 ֏ daily",AMD,"Spend your vacation in the cozy and cozy corner of Sean.In Lavanda City,Cottages for daily rent1 furnished living room,3 bedrooms2 bathroomsLarge kitchen with all necessary utensilsHas a balcony.Equipped with necessary dishes and linen.With heating systemPlayground.Summer pavilion.Barbecue, necessary items for making barbecue.Swimming poolParking.Guard post.#relaxation #Lavendasite #Shanalich#ShanouHangyangyan #day rentals #houses #cottage #Sanoumoghotj # daily rent #house # lake #rest #Armenia# Quarters for rent:# Home left:# sevan:#Hotel:Attention: On Fridays, Saturdays and Sundays, the price is fifty thousand drams.Translated from Armenian",Nov-24-2022_22-58,,,,,https://list.am/en/item/16058954
Country House,Cassette,60 sq.m.,1,2,1,Cosmetic Renovation,90 sq.m.,4,Yes,No,By Agreement,By Agreement,Gegharkunik › Sevan,"15,000 ֏ daily",AMD,"Recreation zone in Sevan, beach, cabin, besetka. TrailerTranslated from Armenian",Nov-24-2022_22-58,Available,Not available,,,https://list.am/en/item/18083791
House,Stone,150 sq.m.,2,4,2,Major Renovation,600 sq.m.,8+,Yes,No,Included,By Agreement,Gegharkunik › Sevan,"70,000 ֏ daily",AMD,"2-storey private house on the shore of Lake Sanaa* 4 bedrooms* 2 bathrooms* Mangal,* Tableware, bedding (for 8 people)* Pavilion* WI-FI:Spend your vacation in Sean.Check-in: Arrival at 14:00Check-out: Exit 12:00For more information call.Code PanSevanTranslated from Armenian",Nov-24-2022_22-58,Available,Not available,,,https://list.am/en/item/17896328
Country House,Wooden,150 sq.m.,1,4,1,Major Renovation,200 sq.m.,,,,,,Gegharkunik › Sevan,"35,000 ֏ daily",AMD,"Summer house on the shore of Lake Sjana, very close to the lake, designed for up to 15 people, has communal facilities, call for detailsTranslated from Armenian",Nov-24-2022_22-58,,,,,https://list.am/en/item/17908674
Country House,Stone,55 sq.m.,1,3,1,Major Renovation,500 sq.m.,,,,,,Gegharkunik › Sevan,"25,000 ֏ daily",AMD,"3-room cottage is for rent in Sevan Lavanda City recreation area. It is very suitable for family rest, it is provided with all conditions.Translated from Armenian",Nov-24-2022_22-58,,,,,https://list.am/en/item/17858393
House,Stone,100 sq.m.,1,4,2,Designer Renovation,"13,500 sq.m.",6,Yes,Yes,Not included,By Agreement,"1st Street, Shorzha","80,000 ֏ daily",AMD,"GIVEN FOR DAILY WAGEA unique private house in Sevan, which is located close to the coast, at a height from which part of the house you will see the BEAUTIFUL SEVAN of Kaputachian.The mansion has 2 bedrooms, 2 bathrooms, 1 living room + studio kitchen and dining room.It is equipped with electricity, hot and cold water, internet.The house is monitored by cameras and 24/7 guard mode.In the evenings, you can sit by the stained-glass window, next to the fireplace and enjoy the peaceful view of the blue-eyed beauty of Sevan.To be here once... It will become continuous to enjoy this beauty again.For additional questions, call the indicated numbers.We will gladly wait for your call.NOT AN AGENCYCode 0000Translated from Armenian",Nov-24-2022_22-58,,,,,https://list.am/en/item/17852967
House,Stone,256 sq.m.,2,6,1,Euro Renovation,500 sq.m.,,,,,,Gegharkunik › Geghamavan,"200,000 ֏ monthly",AMD,"Two-storey private house for rent, hot and cold water, gas, spacious yard, garden, outdoor pavilion, large land in Geghamavan village, Gegharkunik region, 7 km away from Sevan city, all the roads are asphalted.Translated from Armenian",Nov-24-2022_22-58,,,,,https://list.am/en/item/17479106
Country House,Stone,80 sq.m.,1,4,1,Designer Renovation,,6,Yes,No,Not included,By Agreement,"Sevani street, Yerevan","30,000 ֏ daily",AMD,"Cottage for rent in Lavanda City, Sean. It has constant hot and cold water, a gas tank next to the gas. 1 day 30,000 2 days 25,000 3 days more 20,000Translated from Armenian",Nov-24-2022_22-58,,,,,https://list.am/en/item/8580752
House,Stone,100 sq.m.,1,4,1,Partial Renovation,,,,,,,"Գարեգին Նժդեհի փողոց, Մարտունի","70,000 ֏ monthly",AMD,A house is for rent in MartuniTranslated from Armenian,Nov-24-2022_22-58,,,,,https://list.am/en/item/17882245
Country House,Stone,800 sq.m.,2,5,3+,Major Renovation,,8+,Yes,No,By Agreement,By Agreement,Gegharkunik › Sevan,"300,000 ֏ daily",AMD,For daily rent in SyanEquipped with all utilitiesIndividual heating systemAir conditionerNecessary dishes and linen are availableEquipped with furniture and appliances5 bedrooms3 living roomsWardrobeOpen balconyBeautiful view of Lake SanaaBook in advanceThe cost varies depending on the number of days and peopleH. Գ. Please call 11: 00-20: 00Code 7760Translated from Armenian,Nov-24-2022_22-58,Available,Not available,,,https://list.am/en/item/12758114
House,Stone,120 sq.m.,2,4,1,Partial Renovation,250 sq.m.,,,,,,"Գարեգին Նժդեհի փողոց 202, Ճամբարակ","30,000 ֏ monthly",AMD,"Տունը տրվում է վարձով: Գտնվում է նորմալ վիճակում, ունի 3 հողամաս ավտոտնակ և անասնագոմ:",Nov-24-2022_22-58,,,,,https://list.am/en/item/18168548
Country House,Stone,60 sq.m.,1,3,1,Euro Renovation,,,,,,,"Երևանյան խճուղի 3, Սևան","25,000 ֏ daily",AMD,"LAVANDA CITY offers a private house for daily rent for family vacations, as well as for organizing events.3 bedrooms, 1 dining room, 1 bathroom, kitchen.Constant hot and cold water, refrigerator, TV,barbecue, there is also a wooden chair and table in the yard.Translated from Armenian",Nov-24-2022_22-58,,,,,https://list.am/en/item/18009152
House,Stone,200 sq.m.,2,6,1,Old Renovation,2000 sq.m.,8+,Yes,Yes,Not included,6 weeks,"Մյասնիկյան փողոց 47/1, Մարտունի","100,000 ֏ monthly",AMD,"Only the first floor of a 2-storey house is for rent in the city of Martuni, it needs cosmetic renovationTranslated from Armenian",Nov-24-2022_22-58,Not available,1 spot,,,https://list.am/en/item/17473947
Country House,Stone,50 sq.m.,1,4,1,Cosmetic Renovation,500 sq.m.,,,,,,Gegharkunik › Lchap,"40,000 ֏ daily",AMD,"️️️Տրվում է վարձով առանձնատուն անմիջապես Սևանի ափինԲաղկացած է 3 ննջասենյակներից, ստուդիո հյուրասենյակից (միաժամանակ նաև խոհանոց), սանհանգույցից։ Վերանորոգված է:Տանը կից կա բաց տաղավար ծածկով (տեռասսա), որտեղ կարող է տեղավորել մինչև 10 անձ, ինչպես նաև մեծ խոտածածկ խաղահրապարակ (վոլեյբոլ խաղալու հարմարությամբ) ։ Առկա է մանղալ, խորովածի շիշ, սպասք, անկողնային պարագաներ։Առանձնատունը գտնվում է Սեվանի ափից 50մ հեռավորության վրա, այսինքն Սևանի ափին;)Օրավարձը 1 շաբաթ ամրագրելու դեպքում - 17 000դր,Աշխատանքային օրերին - 35 000դր,Հանգստյան օրերին - 40 000դր։Առանձնատուն Սևանում, տուն Սևանի ափինСдается частный дом прямо на берегу СеванаДом состоит из 3 спален, гостиной-студии, ванной комнаты. Отремонтированный.Рядом с домом находится открытая беседка (терраса), в которой могут разместиться до 10 человек, а также большая игровая площадка с травяным покрытием (с удобством для игры в волейбол) Есть мангал, посуда, постель. ․․Дом находится на 50м от озера Севан, то есть на берегу Севана;)Посуточная плата,При бронировании на 1 неделю - 17 000драмВ рабочие дни - 35000 драм,В выходные - 40 000 драм РА.Дом в Севане, дача в Севане",Nov-24-2022_22-58,,,,,https://list.am/en/item/17599571
Country House,Cassette,300 sq.m.,1,2,1,Cosmetic Renovation,500 sq.m.,,,,,,Gegharkunik › Sevan,"25,000 ֏ daily",AMD,"Enjoy your vacation in Syan!The cottage is located 25-30 meters from the lake. The cottage has 2 bedrooms, a dining room, a bathroom, a bath, permanent water, a secure parking lot, separated by a fence.Lake Seana, Sean, Cottage, HouseTranslated from Armenian",Nov-24-2022_22-58,,,,,https://list.am/en/item/17684160
Country House,Bricks,35 sq.m.,1,2,1,Major Renovation,3000 sq.m.,5,Yes,Yes,Included,By Agreement,Gegharkunik › Sevan,"8,000 ֏ daily",AMD,"2-room cabins for daily rent on the banks of Sevan, on Antarai Meghed beach,Furnished, clean cabins with bathrooms + FREE stallsPrices from 8 to 15 thousand AMD for 1 dayTranslated from Armenian",Nov-24-2022_22-58,Available,Not available,,,https://list.am/en/item/17872362
House,Stone,120 sq.m.,1,3,2,Major Renovation,"50,000 sq.m.",6,Yes,Yes,Included,By Agreement,Gegharkunik › Gavar,"20,000 ֏ daily",AMD,"Guesthouse Only one floor is for rent, capitally renovated, in Gavar.Translated from Armenian",Nov-24-2022_22-58,,,,,https://list.am/en/item/17500487
Country House,Stone,800 sq.m.,2,5,3+,Designer Renovation,,5,Negotiable,Negotiable,By Agreement,By Agreement,Gegharkunik › Sevan,"250,000 ֏ daily",AMD,Luxurious mansion on the shores of Lake SanaaThe balcony offers a beautiful view of Lake ShanaA comfortable place to spend your vacation to the fullestThe house is fully renovatedIt is provided with all utilitiesTranslated from Armenian,Nov-24-2022_22-59,Available,3 or more spots,,,https://list.am/en/item/12756862
Country House,Bricks,60 sq.m.,1,3,1,Major Renovation,1 sq.m.,,,,,,Gegharkunik › Sevan,"30,000 ֏ daily",AMD,Cottage on the banks of SevanAll amenities are thereFor more information callTranslated from Armenian,Nov-24-2022_22-59,,,,,https://list.am/en/item/18120571
House,Stone,110 sq.m.,1,3,1,Major Renovation,500 sq.m.,,,,,,"Isakov street, Ցամաքաբերդ","45,000 ֏ daily",AMD,"For daily and short-term rentprivate house on the beach, 2 bedrooms, spacious living room,permanent hot-cold water supply, heating system,heating floor, refrigerator, washing machine, gas stove, TV,internet, dishes, bedding, beautiful view, fresh air.If desired, we can provide 4-7 cars.Call the number for details.Translated from Armenian",Nov-24-2022_22-59,,,,,https://list.am/en/item/17680760
House,Stone,300 sq.m.,2,4,1,Major Renovation,3000 sq.m.,,,,,,Gegharkunik › Sevan,"70,000 ֏ monthly",AMD,"Վարձով է տրվում երկհարկանի քարե առանձնատուն, Սևանա լճից 500 մետր հեռավորության վրա Լճաշեն գյուղում։ Առանձնատան ընդհանուր մակերեսը 300 մ2, պարասպապատ։ Առաջին հարկը կապիտալ վերանորոգված, ունի սանհանգույց, խոհանոց, հյուրասենյակ, երեք ննջասենյակ։ Առկա է գազ, լույս, ջուր։ Առանձնատունը ունի ավտոտնակ, նկուղ, անասնագոմ։ Հողատարծքի մակերեսը 3000 մ2, պտղատու այգով։Сдается двухэтажный каменный дом 500 метров от озера Севан в селе Лчашен. Общая площадь дома 300 м2 огороженный. Первый этаж полностью отремонтирован и имеет ванную комнату, кухню, гостиную, три спальни. Есть газ, электричество, вода. В доме есть гараж, подвал, сарай. Площадь участка 3000 м2, с фруктовым садом.Two-storey stone house for rent 500 meters from Lake Sevan. The total area of the house is 300 m2 fenced. The first floor is completely renovated and has a bathroom, kitchen, living room, three bedrooms. There is gas, electricity, water. The house has a garage, basement, shed. Plot area 3000 m2, with orchard.",Nov-24-2022_22-59,,,,,https://list.am/en/item/18159290
Townhouse,Stone,300 sq.m.,2,4,3+,Designer Renovation,2000 sq.m.,8+,Yes,No,Included,By Agreement,Gegharkunik › Sevan,"120,000 ֏ daily",AMD,"Daily or long-term guest house available. There are 4 bedrooms in the building, each with its own bathroom and bathtub. There is also a restaurant on the premises. For more information call...Translated from Armenian",Dec-15-2022_21-42,,,,,https://list.am/en/item/18377130
House,Stone,64 sq.m.,1,3,1,Major Renovation,500 sq.m.,8+,Yes,No,Included,By Agreement,Gegharkunik › Sevan,"45,000 ֏ daily",AMD,"Angar Sevan - Mansion Sevan——* living room* fireplace* 3 bedrooms* 1 bathroom* kitchen* booth* grate* green yard——Entry: 14:00Departure: 12:00——Call for details, mention Angar Sevan when calling...——Sevandaily wageprivate househouses for rentreal estaterenthousesper diemTranslated from Armenian",Dec-15-2022_21-42,Available,Not available,"Television, internet, gazebo","Fridge, stove",https://list.am/en/item/17065342
House,Stone,120 sq.m.,1,4,2,Euro Renovation,200 sq.m.,7,Yes,Yes,By Agreement,By Agreement,"Улица Саркиса Севанеци 21, Севан",$600 monthly,USD,"A detached house is for rent. It has all utilities.In case of questions, you can call the mentioned phone numbers.Translated from Armenian",Dec-15-2022_21-42,Available,3 or more spots,"Television, internet, air conditioner, sauna, barbecue oven, gazebo, alarm system","Fridge, stove, microwave, dishwasher, washing machine, drying machine",https://list.am/en/item/18484243
House,Stone,74 sq.m.,1,2,1,Designer Renovation,150 sq.m.,4,Yes,No,Included,By Agreement,Gegharkunik › Sevan,"25,000 ֏ daily",AMD,2 ննջասենյակհյուրասենյակսանհանգույցխոհանոցտաղավարմանղալ**4 անձ**check in 14:00check out 12:00Կոդ raymond2,Dec-15-2022_21-42,Available,Not available,,,https://list.am/en/item/17765521
House,Stone,51 sq.m.,1,2,1,Designer Renovation,200 sq.m.,4,Yes,No,By Agreement,By Agreement,Gegharkunik › Sevan,"20,000 ֏ daily",AMD,2 ննջարանհյուրասենյակսանհանգույցբակային հատված**4 անձ**check in 14:00check out 12:00Կոդ arevik 5,Dec-15-2022_21-42,Available,Not available,,,https://list.am/en/item/17286388
House,Stone,150 sq.m.,2,4,2,Major Renovation,1800 sq.m.,7,Yes,No,Included,By Agreement,Gegharkunik › Sevan,"100,000 ֏ daily",AMD,4 bedrooms2 bathroomskitchenliving roomyard sectionbalcony**8 people**check in 14:00:Check out 12:00:Code ArthurTranslated from Armenian,Dec-15-2022_21-42,Available,Not available,,,https://list.am/en/item/17198431
House,Cassette,150 sq.m.,1,4,1,Cosmetic Renovation,1000 sq.m.,8+,Yes,Yes,Not included,By Agreement,"Իսակովի փողոց 1, Ցամաքաբերդ","25,000 ֏ daily",AMD,"Վարձով է տրվում ամառանոց, առանձնատուն Սևանա լճի ափինԹերակղզու հարևանությամբ, Սևանա լճի հիանալի տեսարանով ։Հնարավոր է առանձին սենյակների վարձակալում ։Ամսական վարձակալության դեպքում կգործի 70 տոկոս զեղջСдается дача, частный дом на берегу озера СеванРядом с полуостровом, с прекрасным видом на озеро Севан.Возможна аренда отдельных комнат.70-процентная скидка будет применяться к ежемесячной арендеCottage for rent, private house on the shore of Lake SevanNear the peninsula, with a beautiful view of Lake Sevan.It is possible to rent individual rooms.70 percent discount will apply to monthly rentals",Dec-15-2022_21-42,Available,2 spots,"Television, barbecue oven, gazebo","Fridge, washing machine, drying machine, water Heater",https://list.am/en/item/18696244
House,Stone,67 sq.m.,1,4,1,Major Renovation,1000 sq.m.,8+,Yes,Yes,Not included,Without prepayment,Gegharkunik › Sevan,"300,000 ֏ monthly",AMD,"A private house on the shore of Lake Sevan is for rent for a family holiday, both for daily rent - AMD 20,000 per day, and AMD 300,000 per month.There are:3 comfortable bedrooms, living room, bathroom.Constant hot and cold water, heating, WiFi, TV,refrigerator, grill.Translated from Armenian",Dec-15-2022_21-42,Available,Not available,"Television, internet, barbecue oven, gazebo, alarm system","Fridge, stove, coffee maker, washing machine, water Heater, iron, hair dryer",https://list.am/en/item/18679384
Country House,Stone,100 sq.m.,1,3,1,Major Renovation,150 sq.m.,6,Yes,Negotiable,By Agreement,2 months,"Sevan-Martuni Highway 18, Dzoragyugh","$1,100 monthly",USD,Beautiful private house for rent in Lavanda CITYThe house has all utilitiesIt is furnishedIt has a heating systemTranslated from Armenian,Dec-15-2022_21-42,Available,Not available,"Television, sauna, fireplace, gazebo","Fridge, stove, washing machine, iron",https://list.am/en/item/18689710
House,Stone,140 sq.m.,1,5,2,Old Renovation,2500 sq.m.,6,Yes,Yes,Not included,2 months,Gegharkunik › Lusakunk,"60,000 ֏ monthly",AMD,"A 1-story capital built 5-room private house with 2 large basements, fenced area, garage, bakery and cattle shed is for long-term rent.The house is provided with hot and cold water, all utilities.For more information call:Translated from Armenian",Dec-15-2022_21-42,Available,2 spots,,,https://list.am/en/item/18421676
House,Stone,70 sq.m.,1,4,1,Major Renovation,900 sq.m.,8+,Yes,Yes,Included,Without prepayment,Gegharkunik › Sevan,"20,000 ֏ daily",AMD,"A house is for rent on a daily basis.The house has constant hot and cold water, heating, WI-FI, TV, refrigerator, bathroom, 3 comfortable bedrooms, living room.Translated from Armenian",Dec-15-2022_21-42,Available,Not available,"Television, internet, barbecue oven, gazebo, alarm system","Fridge, stove, coffee maker, washing machine, water Heater",https://list.am/en/item/18681763
House,Stone,64 sq.m.,1,1,1,Major Renovation,1200 sq.m.,3,Yes,No,By Agreement,By Agreement,Gegharkunik › Sevan,"120,000 ֏ monthly",AMD,"An apartment is provided for a monthly fee in the city of Sevan, near the High School, which has communal facilities, is close to banks, supermarkets.Code SevanFlaTranslated from Armenian",Dec-15-2022_21-42,By agreement,1 spot,,,https://list.am/en/item/18422960
House,Stone,168 sq.m.,1,3,1,Cosmetic Renovation,300 sq.m.,5,Yes,No,Not included,1 month,Gegharkunik › Vardenis,"100,000 ֏ monthly",AMD,It is rented for a long period.Translated from Armenian,Dec-15-2022_21-42,,,,,https://list.am/en/item/18534092
House,Stone,70 sq.m.,1,3,1,Cosmetic Renovation,500 sq.m.,6,Yes,Yes,By Agreement,1 month,Gegharkunik › Sevan,$500 monthly,USD,Վարձով է տրվում քոթեջ Սևանա լճի ափինԳինը ենթակա է սակարկման կախված վարձակալության ժամկետից ։Այլ հարցերի համար զանգահարելСдается коттедж на берегу озера СеванЦена обсуждается в зависимости от срока аренды.Звоните по другим вопросамA cottage on the shore of Lake Sevan is for rentThe price is subject to negotiation depending on the rental period.Call for other questions,Dec-15-2022_21-42,,,,,https://list.am/en/item/18508049
House,Stone,80 sq.m.,1,3,1,Major Renovation,200 sq.m.,6,Yes,Yes,Included,By Agreement,Gegharkunik › Sevan,"25,000 ֏ daily",AMD,"A house is for rent on a daily and long-term basis. It has complete property and equipment, constant hot and cold water. The house is located in Lavanda City, Sevan.Translated from Armenian",Dec-15-2022_21-42,,,,,https://list.am/en/item/18512083
House,Stone,55 sq.m.,1,3,1,Cosmetic Renovation,220 sq.m.,5,Negotiable,Negotiable,Not included,1 month,"Улица Дзкнорснери 8/4, Севан","350,000 ֏ monthly",AMD,"Сдается дом от собственника на полуострове Севан.В пешей доступности пляж (местоположение на карте не соответствует действительности, дом расположен в непосредственной близости от береговой линии)Закрытая территория с круглосуточной охраной.Наземная парковка (1 машиноместо)Дом оборудован всем для комфортного проживания.Установлена система водонагревания.Благоустроенная территория, мангал.",Dec-15-2022_21-42,Available,Not available,"Television, barbecue oven, gazebo, alarm system","Fridge, stove, washing machine, water Heater, iron",https://list.am/en/item/18717770
House,Stone,85 sq.m.,1,3,1,Major Renovation,1000 sq.m.,5,Yes,No,By Agreement,By Agreement,Gegharkunik › Sevan,"200,000 ֏ monthly",AMD,"A very nice and comfortable apartment in the city of Sevan is provided for a monthly fee, which has 2 bedrooms, a living room, a bathroom, a balcony area with a view of the city. For details, call the indicated number.Translated from Armenian",Dec-15-2022_21-42,Available,Not available,,,https://list.am/en/item/18497431
House,Stone,68 sq.m.,1,1,1,Designer Renovation,1200 sq.m.,3,Yes,No,By Agreement,By Agreement,Gegharkunik › Sevan,"150,000 ֏ monthly",AMD,"A one-room apartment in the city of Sevan, on Abovyan street, which has all the utilities for living, is provided for a monthly fee. For details, call the indicated numbers.Translated from Armenian",Dec-15-2022_21-42,By agreement,Not available,,,https://list.am/en/item/18582227
House,Stone,180 sq.m.,1,2,1,Euro Renovation,320 sq.m.,2,Yes,No,By Agreement,By Agreement,Gegharkunik › Sevan,"280,000 ֏ monthly",AMD,"A 2-bedroom apartment in Sevan with a living room, a bedroom, and a bathroom is provided for a monthly fee. For details, call the given number with the code: Pana SevanTranslated from Armenian",Dec-15-2022_21-42,By agreement,1 spot,,,https://list.am/en/item/18582303
House,Stone,110 sq.m.,1,3,1,Designer Renovation,320 sq.m.,6,Yes,No,By Agreement,By Agreement,Gegharkunik › Sevan,"270,000 ֏ monthly",AMD,"Train Stop:Comfortable private house in the city of Sevan. You will have a comfortable stay here, as both the house and the yard have all the necessary amenities. There is a summer house, barbecue and a beautiful garden in the yard. This is a great option for a vacation with family or friends. The house has 3 bedrooms, one bathroom, one kitchen and living room.Translated from Armenian",Dec-15-2022_21-42,By agreement,Not available,,,https://list.am/en/item/18527959
House,Stone,78 sq.m.,1,2,2,Designer Renovation,980 sq.m.,5,Yes,No,By Agreement,By Agreement,Gegharkunik › Sevan,"200,000 ֏ monthly",AMD,"A two-room private house in Sevan is provided for a monthly fee, which has all communal facilities and can accommodate 5 people. For details, call the indicated number, specifying the code Rubik HouseTranslated from Armenian",Dec-15-2022_21-42,By agreement,Not available,,,https://list.am/en/item/18526437
House,Stone,75 sq.m.,1,1,1,Euro Renovation,1000 sq.m.,4,Yes,No,By Agreement,By Agreement,Gegharkunik › Sevan,"100,000 ֏ monthly",AMD,"A one-bedroom apartment in Sevan is provided for a monthly fee, which has all utilities and is ready for occupancy.Code Mikro2Translated from Armenian",Dec-15-2022_21-42,Available,Not available,,,https://list.am/en/item/18423195
House,Stone,92 sq.m.,1,3,1,Designer Renovation,1100 sq.m.,5,Yes,No,By Agreement,By Agreement,Gegharkunik › Sevan,"180,000 ֏ monthly",AMD,"A very nice and comfortable apartment in the city of Sevan is provided for a monthly fee, which has 2 bedrooms, a living room, a bathroom, a balcony area with a view of the city. For details, call the indicated number.Translated from Armenian",Dec-15-2022_21-42,Available,Not available,,,https://list.am/en/item/18497436
House,Stone,64 sq.m.,1,1,1,Designer Renovation,1200 sq.m.,4,Yes,No,By Agreement,By Agreement,Gegharkunik › Sevan,"200,000 ֏ monthly",AMD,"New Year's prices are now available.A one-room stone cottage on the shore of Lake Sevan is provided for a monthly fee, which accommodates 2-3 people. It has one bedroom, living room, kitchen with all its facilities.Outside, there is a beautiful yard: A pavilion, a barbecue, a children's playground, a football and volleyball field.Code MirorTranslated from Armenian",Dec-15-2022_21-42,Available,Not available,,,https://list.am/en/item/18396763
House,Stone,65 sq.m.,1,2,1,Designer Renovation,1000 sq.m.,8+,Yes,No,Included,By Agreement,"Երևանյան խճուղի 3, Սևան","25,000 ֏ daily",AMD,"Geghama Performance - Cottages in Sevan——2 types of cottages are provided:1 bedroom - 25,000With 2 bedrooms - 30,000_* booth* grate* volleyball field* Soccer field* 2 bedrooms* large living room* kitchen* bathroom——* 2-5 people——Entry: 14:00Departure: 12:00——Call for details, mention: Geghama Performance...——Sevandaily wageprivate househouses for rentreal estaterenthousesper diemCode GeghamaPTranslated from Armenian",Dec-15-2022_21-42,Not available,Not available,,,https://list.am/en/item/16812449
Country House,Stone,75 sq.m.,1,3,1,Euro Renovation,100 sq.m.,4,Negotiable,Negotiable,Not included,1 month,Gegharkunik › Sevan,"35,000 ֏ daily",AMD,"The monthly fee is $750.200,000 drams for 5 days on New Year's Day.3-room cottage for saleRight on the coast of the Sevan peninsulaHeating Systemhot and cold waterbathroom2 bedroomskitchendisheslinen + 4000 AMDtelevisiongrillparking lotthe area is guarded by guards ️no boys groups are allowedNo more than 5 people35,000 AMD for 1 day.There is a discount for more than 1 weekSaturday and Sunday 40,000 AMD.Check in - from 13:00check out - until 12:00Exceptions are possibleWrite viber to see all the pictures.Translated from Armenian",Dec-15-2022_21-42,Available,Not available,,,https://list.am/en/item/17918590
House,Cassette,65 sq.m.,1,3,2,Euro Renovation,,4,Yes,No,By Agreement,By Agreement,"Երևանյան խճուղի, Սևան","30,000 ֏ daily",AMD,"Geghama Performance:High-class cottages on the shore of Lake Sevan. The cottages are designed for 3-5 people. They have 2 bedrooms, living room, kitchen and bathroom. They are provided with all utility-technical facilities.The price is different on weekendsThe best option for spending time with the family...For details, please call quoting version name: Geghama Performance.Translated from Armenian",Dec-15-2022_21-42,By agreement,Not available,,,https://list.am/en/item/16564441
House,Stone,48 sq.m.,2,1,1,Euro Renovation,1100 sq.m.,2,Yes,No,By Agreement,By Agreement,Gegharkunik › Sevan,"20,000 ֏ daily",AMD,"Karasar - Hotel & Restaurant Complex:The hotel complex is presented in more detail in the video:Hotel complex rooms for 2 people are provided for daily rent, equipped with all the utility-technical facilities. The rooms offer a wonderful view of Lake Sana and Geghama mountains.For details, please call, mentioning the name of the version: Karasar - Hotel & Restaurant Complex.Translated from Armenian",Dec-15-2022_21-42,By agreement,1 spot,,,https://list.am/en/item/17721032
House,Stone,63 sq.m.,1,1,1,Designer Renovation,520 sq.m.,4,Yes,No,By Agreement,By Agreement,Gegharkunik › Sevan,"150,000 ֏ monthly",AMD,"Fire House SevanA stone house in Sevan is provided for a monthly fee, newly renovated, furnished with comfortable furniture. It has all utilities, as well as a garden. It has 1 bedroom, living room, mini kitchen and fireplace. For details, call with code: Fire House SevanCode FireHousTranslated from Armenian",Dec-15-2022_21-42,By agreement,2 spots,,,https://list.am/en/item/18379923
House,Stone,80 sq.m.,1,3,1,Designer Renovation,500 sq.m.,,,,,,Gegharkunik › Sevan,"150,000 ֏ monthly",AMD,"Частный 3-ёх комнатный дом, есть все необхадимое до 6 человек могут жить, во дворе есть бисетаа мангал фруктовый огород, спакойный район нет шума машины не сигналет не кричат не орут))))",Dec-15-2022_21-42,,,,,https://list.am/en/item/18385359
House,Stone,90 sq.m.,1,3,1,Cosmetic Renovation,100 sq.m.,5,Yes,Yes,Not included,By Agreement,Gegharkunik › Drakhtik,"60,000 ֏ monthly",AMD,"The house is for rent with property and equipment, the price is negotiableTranslated from Armenian",Dec-15-2022_21-42,Available,Not available,,,https://list.am/en/item/18510796
House,Stone,150 sq.m.,1,4,1,Euro Renovation,800 sq.m.,8+,Yes,Yes,Included,By Agreement,"Sayat-Nova Street, Sevan","30,000 ֏ daily",AMD,Дом обарудован со всеми принодлежностьями для долгого и уютного проживания. Не далеко от озеро Севан (10м. Ходьба) Аренда на длительный срок- зимный периуд 130000др. + комунал. Дом сдаётся на НОВОГОДНИЕ праздники 60000др. В день.,Dec-15-2022_21-42,Available,3 or more spots,"Television, internet, barbecue oven, gazebo","Fridge, stove, coffee maker, washing machine, water Heater, iron, hair dryer",https://list.am/en/item/18713864
House,Stone,300 sq.m.,1,1,1,Designer Renovation,530 sq.m.,2,Yes,No,By Agreement,By Agreement,Gegharkunik › Sevan,"10,000 ֏ daily",AMD,"Glen House BNBA comfortable house for family vacation in Sevan. The mansion is equipped with all the necessary apartments for a comfortable stay. The option is provided with shared accommodation with the owner. The yard has a spacious and beautiful garden, a gazebo, a mangal and a mangal. The house has 1 bedroom, 1 bathroom, a fully equipped kitchen and a spacious living room.The price is for 2 guestsTranslated from Armenian",Dec-15-2022_21-42,Available,Not available,,,https://list.am/en/item/18285540
House,Stone,36 sq.m.,1,1,1,Designer Renovation,1200 sq.m.,3,Yes,No,By Agreement,By Agreement,Gegharkunik › Sevan,"60,000 ֏ daily",AMD,"A one-room cottage is for daily rent in the city of Sevan, which has all the utilities for both daily rent and monthly rent. For details, call with the code: Karen's House SevanTranslated from Armenian",Dec-15-2022_21-42,Available,Not available,,,https://list.am/en/item/18517830
House,Stone,190 sq.m.,2,4,3+,Euro Renovation,,8+,Yes,No,Included,By Agreement,Gegharkunik › Tsovazard,"70,000 ֏ daily",AMD,"It is available for daily rent, it is also possible for a long term, for detailed information call...Translated from Armenian",Dec-15-2022_21-42,,,,,https://list.am/en/item/18344145
House,Stone,96 sq.m.,1,3,1,Euro Renovation,5000 sq.m.,7,Yes,Yes,Not included,By Agreement,Gegharkunik › Sevan,$600 monthly,USD,"Я собственникЗдается вилла, коттедж на берегу озера Севан.В вилле есть все принадлежности для отдыха и организование пикника. В Вилле могут проживать до семьи человек и вилла включает из себя из двух спален и гостиной комнатой.Вилла сдаётся на длительный срок. Все подробности по телефону. Можете также позвонить на Viber, WhatsApp и TelegramՍեփականատերն եմ:Օրավարձով է տրվում երեք սենյականող առանձնատուն Սևանում: Առկա է անվճար ինտերնետ: Տարածքը պարսպապատ է և հսկվում է: Պատշգամբից բացվում է գեղեցիկ տեսարան դեպի Սևանա լիճը: Գիշերակաց հնարավոր է մինչև 7 անձի համար:Villa for rent in Sevan. From the terrace is opening a great view to the lake. The place is surrounded with different kind of trees. The Villa has all the necessary equipment's. The maximum capacity is for 7 person.",Dec-15-2022_21-42,Available,1 spot,,,https://list.am/en/item/18447031
Country House,Stone,68 sq.m.,1,3,1,Designer Renovation,98 sq.m.,5,Yes,Yes,By Agreement,By Agreement,Gegharkunik › Lchashen,"22,500 ֏ daily",AMD,"A house is for rent in Lchashen village of Sevan. The house has all utilities (gas, electricity, water), is ready for occupancy. There is Wi-Fi, refrigerator, washing machine, hair dryer, iron, heating system. It is also suitable for holding small events.Translated from Armenian",Dec-15-2022_21-42,Available,Not available,"Internet, barbecue oven, gazebo","Fridge, washing machine, water Heater, iron, hair dryer",https://list.am/en/item/18708195
House,Stone,300 sq.m.,2,5,2,Major Renovation,1000 sq.m.,8+,Yes,No,Not included,1 month,Gegharkunik › Gavar,"250,000 ֏ monthly",AMD,Վարձով է տրվում երկհարկանի կապիտալ վերանորգված առանձնատուն Գավառում երկարաժամկետ։ Տրվում է ամբողջ գույքով և տեխնիկայով մանրամասների համար զանգել նշված համարով։ здаетсья в аренду 2-х этажный евро ремонтированный собственный дом в Гаваре. Долгосрочно! Здаеться вместе с мебелью и техникой. Для подробностей звонить по номеру.Translated from Armenian,Dec-15-2022_21-42,Available,2 spots,"Television, internet, air conditioner, fireplace, barbecue oven","Fridge, stove, microwave, coffee maker, washing machine, water Heater, iron, hair dryer",https://list.am/en/item/18449234
House,Stone,130 sq.m.,1,4,1,Euro Renovation,50 sq.m.,4,Yes,No,Not included,1 month,"Mamikonyan street, Martuni","170,000 ֏ monthly",AMD,Four-room house in Martuni.Do not write mail-in.Translated from Armenian,Dec-15-2022_21-42,Available,1 spot,,,https://list.am/en/item/18441761
Country House,Stone,100 sq.m.,1,3,1,Euro Renovation,3000 sq.m.,,,,,,Gegharkunik › Martuni,"15,000 ֏ daily",AMD,"Добро пожаловать в семейный гостевой дом Alexun️ ️С одной стороны, погруженный в лес, с другой-окруженный величественными горами, наш теплый гостевой дом наполнит ваш день самыми загадочными и яркими воспоминаниями:Успокоит и наполнит ваш разум и тело новой положительной энергией:Проведите свой отдых на природе, и мы с радостью вас встретим️В гостевом доме есть:3-4 комнаты для душа 15000 ДР (1 человек/день) + ЭКО завтрак в номере: Душ, ванная комната, предметы гигиеныКорпоративный зал для организации мероприятий (25-30 человек - 50 000 драмов), также могут проводиться конференции (зал имеет проректор)Вкусная кухняПарковка, Wi-Fi бесплатноЧитальный зал, также можно провести просмотр фильма, фортепианоМастер-классы-сырное дело, изготовление свечей из натурального пчелиного воска, рыбалка в прудах гостевого домаКампании:Монастырь хамши (9_12 век Красного Ехца)Темное ущелье, Ущелье Дзаг (обладает целебными свойствами),Девичья крепостьСад с фруктовыми деревьями, огород, питомник",Dec-15-2022_21-42,,,,,https://list.am/en/item/18383737
Country House,Stone,54 sq.m.,1,3,1,Euro Renovation,30 sq.m.,,,,,,Gegharkunik › Sevan,"20,000 ֏ daily",AMD,Available for daily rent. Located in Lavender City. Discounts available for long-term rentals.Translated from Armenian,Dec-15-2022_21-42,,,,,https://list.am/en/item/18425992
House,Stone,71 sq.m.,1,5,1,Cosmetic Renovation,500 sq.m.,8+,Yes,Yes,Not included,By Agreement,Gegharkunik › Vardenis,"40,000 ֏ monthly",AMD,"It has constant gas light, cold water, hot water, very hot roomTranslated from Armenian",Dec-15-2022_21-42,Available,Not available,,,https://list.am/en/item/18487751
Country House,Stone,300 sq.m.,3,5,2,Designer Renovation,600 sq.m.,,,,,,Gegharkunik › Sevan,"200,000 ֏ monthly",AMD,Provided long termTranslated from Armenian,Dec-15-2022_21-42,,,,,https://list.am/en/item/18400579
House,Stone,48 sq.m.,4+,2,1,Cosmetic Renovation,,4,Yes,Yes,Not included,1 month,"Սարգիս Սևանեցու փողոց 4, Սևան","70,000 ֏ monthly",AMD,Comes with property and appliances located in 4th micro.Translated from Armenian,Dec-15-2022_21-42,Available,Not available,Television,"Fridge, coffee maker, washing machine, water Heater, iron",https://list.am/en/item/18615981
Country House,Stone,70 sq.m.,1,3,1,Euro Renovation,250 sq.m.,5,Yes,Yes,Not included,By Agreement,"Улица Дзкнорснери, Севан","170,000 ֏ monthly",AMD,"Дом находится в полуострове Севана, на берегу озера.",Dec-15-2022_21-42,Available,Not available,"Television, internet, fireplace, barbecue oven, gazebo, alarm system","Fridge, stove, coffee maker, washing machine, water Heater",https://list.am/en/item/18652995
House,Stone,255 sq.m.,2,4,3+,Designer Renovation,1400 sq.m.,8+,Yes,Yes,By Agreement,By Agreement,Gegharkunik › Berdkunk,"$3,000 monthly",USD,"VO6001:A wonderful private house on the banks of the blue Sevan is for rent.The house has living rooms with large panoramic windows, 4 bedrooms, 4 bathrooms, sauna. It also has a fireplace that will make your evenings harmonious. In the yard there is a summer kitchen, a glass pavilion and a toaster. The house also has 2 garages. There are balconies all around on the first and second floors.For details, you can call the indicated phone number and the same numberwhatsapp (+ 374)viber (+ 374)Translated from Armenian",Dec-15-2022_21-43,Available,2 spots,,,https://list.am/en/item/18411797
House,Stone,70 sq.m.,1,3,1,Designer Renovation,120 sq.m.,6,Yes,Yes,Not included,1 month,"Улица Севан 7/5, Ереван","120,000 ֏ monthly",AMD,Сдается в аренду (длительное время) дом рядом с озеро Севан в Лаванда Сити. Три комнаты. Санузел. Кухня.,Dec-15-2022_21-43,Available,1 spot,"Television, air conditioner, barbecue oven, alarm system","Fridge, stove, coffee maker, water Heater",https://list.am/en/item/18692301
Country House,Bricks,100 sq.m.,1,3,1,Designer Renovation,1500 sq.m.,7,Yes,Yes,Not included,By Agreement,Gegharkunik › Sevan,"35,000 ֏ daily",AMD,"The guest house is located on the shore of Lake Sevan, 10 meters from the lake. The house is detached and located in a very quiet location. It has 2 bedrooms, a kitchen with its own cooking utensils, a bathroom, a large living room with a barbecue toaster, a log burner, wood and gas stoves, for more information callTranslated from Armenian",Dec-15-2022_21-43,,,,,https://list.am/en/item/18516725
House,Stone,151 sq.m.,1,4,1,Euro Renovation,800 sq.m.,8+,Yes,Yes,Included,By Agreement,Gegharkunik › Sevan,"30,000 ֏ daily",AMD,Дом сдаётся на новогодные праздники и на длительный срок до лето 130000 др. В доме есть всё для комфортного проживания,Dec-15-2022_21-43,Available,2 spots,"Television, internet, barbecue oven, gazebo","Fridge, stove, coffee maker, washing machine, water Heater, iron, hair dryer",https://list.am/en/item/18691349
House,Stone,150 sq.m.,2,6,3+,Major Renovation,500 sq.m.,4,Yes,No,Not included,By Agreement,"Կենտրոնական խճուղի 72, Ակունք","$5,000 monthly",USD,"A 6-room private house is for rent in the village of Akunk, Kotayk region. Everything is available for living.It has a round-the-clock security system. The cost of interior and yard cleaning services is included in the price of the house. For more information call.Translated from Armenian",Dec-15-2022_21-43,Available,3 or more spots,,,https://list.am/en/item/18563577
House,Stone,67 sq.m.,1,4,1,Major Renovation,1000 sq.m.,6,Yes,No,Not included,1 month,Gegharkunik › Sevan,"300,000 ֏ monthly",AMD,"A private house on the shore of Lake Sevan is for rent. The house is completely renovated, has hot and cold water, heating system.The house is designed for up to 6 people. 3 bedrooms and 1 living room, bathroom, kitchen, balcony with beautiful view, wifi.It is also equipped with all the necessary accessories.Call for more details.Translated from Armenian",Dec-15-2022_21-43,Available,3 or more spots,,,https://list.am/en/item/18583093
House,Stone,255 sq.m.,2,4,3+,Designer Renovation,1400 sq.m.,,,,,,Gegharkunik › Berdkunk,"$3,000 monthly",USD,"Gegharkunik region, Bergunk village.Translated from Armenian",Dec-15-2022_21-43,,,,,https://list.am/en/item/17778951
House,Stone,100 sq.m.,1,4,1,Old Renovation,50 sq.m.,5,Yes,No,Not included,2 months,Gegharkunik › Sevan,"70,000 ֏ monthly",AMD,"The house has all utilities, there is a heating systemTranslated from Armenian",Dec-15-2022_21-43,Available,Not available,,,https://list.am/en/item/18672609
House,Stone,150 sq.m.,1,4,1,Euro Renovation,900 sq.m.,6,Yes,Yes,Not included,1 month,Gegharkunik › Sevan,"3,300 ₽ daily",RUB,"Есть вайфай, отопление, вода, сдаётся долговременно, 200 метр от озеро",Dec-15-2022_21-43,Available,Not available,,,https://list.am/en/item/18437003
House,Stone,120 sq.m.,1,4,1,Designer Renovation,300 sq.m.,,,,,,"Khaghagutyan street, Sevan town","300,000 ֏ monthly",AMD,"Townhouse for rent in Sevan, near the lake. The house has all necessities with 3 bedrooms, 1 bathrom, cuisine and common room.Сдается таунхаус в Севане, у озера. В доме есть все необходимое: 3 спальни, 1 ванная, кухня и общая комната.",Dec-15-2022_21-43,,,,,https://list.am/en/item/18381615
House,Stone,148 sq.m.,1,5,3+,Major Renovation,1700 sq.m.,8+,Yes,Yes,By Agreement,3 months,Gegharkunik › Martuni,"790,000 ֏ monthly",AMD,"Сдается вилла в Мартуни, Гегаркуникская область.-3 спальни-3 ванные комнаты-большая кухня (24 кв/м)-камин-очень быстрый интернет-прачечная (стиральная машина, сушильная машина, гладильный стол и утюг)-котельная (2 газовых котла, бак для горячей воды 300 литров, бак для холодной воды 500 литров)-1500 кв/м сад-автоматическая система полива-два 5-тонных резервуара для воды для полива-100 кв/м балкон/крыша-мост, который соединяет балкон с крышей-волейбольное поле-возможность парковки 3 автомобилей-отличные соседиМесто также может служить клубом, кафе-рестораном с интересными решениями.Если вы очень заинтересованы в том, чтобы жить вдали от перенаселенного Еревана, Мартуни — это неизведанная и скрытая жемчужина в Армении. В этом доме могут разместиться до 10 человек (3 спальни)Фотографии, которые вы видите, относятся к отремонтированному 1-му этажу дома (148 кв. М) Второй этаж сохранил постмодернистский дизайн советского времени, и если вам интересно, его тоже можно арендовать.Мы можем договориться о цене, так как в зависимости от количества человек проживающих в доме во время аренды цена может измениться.Dear friends,-A villa is for rent in Martuni, Gegharkunik region.-3 bedrooms-3 bathrooms-big kitchen (24 sq/m)-fireplace-high-speed internet-laundry room (washing machine, dryer machine, iron table, and iron)-heating room (2 gas boilers, 300 liters hot water container, 500-liter cold water tank)-1500 sq/m garden-automatic irrigation system-two 5 tons of water tanks for irrigation-100 sq/m balcony/roof-top-a bridge that connects the balcony to the roof-top-volleyball field-possibility to park 3 cars-great neighborsThe place can also serve as a club or cafe/restaurant with exciting solutions.If you are interested in living away from overcrowded Yerevan, Martuni is the undiscovered and hidden gem in Armenia. This house can accommodate up to 10 people (3 bedrooms)The pictures are from the house's renovated 1st floor (148 sq /m) The second floor has preserved the postmodernist design of the Soviet era, and if you are interested, it can also be rented.We can negotiate the price because depending on the number of people living in the house during the lease, the price may change.Վարձով է տրվում առանձնատուն Գեղարքունիքի մարզի Մարտունի քաղաքում։-3 ննջասենյակ-3 սանհանգույց-մեծ խոհանոց (24ք/մ)-բուխարի-շատ արագ ինտերնետ-լվացքատուն (լվացքի մեքենա, չորանոց, արդուկի սեղան և արդուկ)-ջեռուցման սենյակ (2 գազի կաթսա, 300 լիտր տաք ջրի տարա, 500 լիտրանոց սառը ջրի բաք)-1500ք/մ այգի-ավտոմատ ոռոգման համակարգ-երկու 5 տոննա ջրի բաք ոռոգման համար-100ք/մ պատշգամբ/տանիքով-կամուրջ, որը միացնում է պատշգամբը տանիքին-վոլեյբոլի դաշտ-3 մեքենա կայանելու հնարավորություն-հիանալի հարևաններՏարածքը կարող է ծառայել նաև որպես ակումբ, սրճարան/ռեստորան՝ հետաքրքիր լուծումներով։Եթե դուք մեծ հետաքրքրություն ունեք ապրելու գերբնակեցված Երևանից հեռու, ապա Մարտունին Հայաստանում չբացահայտված և թաքնված գոհարն է: Այս տանը կարող է տեղավորվել մինչև 10 մարդ (3 ննջասենյակ) :Նկարները, որոնք տեսնում եք, տան վերանորոգված 1-ին հարկից են (148ք/մ) : Երկրորդ հարկում պահպանվել է խորհրդային ժամանակաշրջանի պոստմոդեռնիստական դիզայնը, և եթե հետաքրքրված եք, կարող եք նաև վարձակալել երկրորդ հարկը։Կարող ենք սակարկել գնի շուրջ, քանի որ կախված վարձակալության ընթացքում տանը ապրողների քանակից՝ գինը կարող է և փոխվել։",Dec-15-2022_21-43,,,,,https://list.am/en/item/18533759
House,Stone,45 sq.m.,1,2,1,Designer Renovation,,4,Yes,No,By Agreement,By Agreement,Gegharkunik › Sevan,"100,000 ֏ monthly",AMD,"Уютный новый дом с красивым дизайном. Имеются все удобства для комфортного проживания как посуточно, так и долгосрочно.",Dec-15-2022_21-43,Available,1 spot,"Television, internet","Fridge, stove, microwave, coffee maker, washing machine, water Heater, iron, hair dryer",https://list.am/en/item/18613207
House,Stone,109 sq.m.,1,3,1,Major Renovation,760 sq.m.,5,Yes,Yes,Not included,1 month,Gegharkunik › Sevan,"220,000 ֏ monthly",AMD,"Сдаётся частный дом в центре города Севан.В доме есть все необходимые удобства для комфортного проживания.Поблизости есть магазины продуктов, детский сад, жд вокзал.По всем вопросам просьба связаться по телефону или whatsapp/viber.",Dec-15-2022_21-43,Available,Not available,,,https://list.am/en/item/18467884
House,Monolith,250 sq.m.,3,7,2,Euro Renovation,1000 sq.m.,8+,Yes,Yes,Not included,1 month,Gegharkunik › Sevan,"$1,100 monthly",USD,"A private house is for rent in the city of Sean, 1-2 km from Lake Sevan. The mansion consists of 3 floors, has 2 living rooms, 7 bedrooms, 2 bathrooms, a large garden, is located in the lap of nature. Is fully furnished and has the necessary appliances, all amenities and is waiting for its tenants.Translated from Armenian",Dec-15-2022_21-43,,,,,https://list.am/en/item/18392930
House,Stone,100 sq.m.,2,4,1,Old Renovation,,8+,Yes,Yes,Not included,By Agreement,Gegharkunik › Akunk,"80,000 ֏ monthly",AMD,"For details, you can call the indicated number.Translated from Armenian",Dec-15-2022_21-43,,,,,https://list.am/en/item/18552628
House,Wooden,18 sq.m.,1,1,1,Major Renovation,,3,Yes,Yes,Included,Without prepayment,Gegharkunik › Sevan,"300,000 ֏ monthly",AMD,"Здравствуйте уважаемый посетитель. Сдается новенький деревянный коттедж на берегу Севана, в сосновом лесу. Коттедж называется ""Панорама"" (потому что часть крыши сделана из стекла)Коттедж для 3 человек с 3 отдельными кроватями.У нас также есть коттедж с большой двуспальной кроватью․В коттедже есть удобный санузел и ванная комта․Цена 300 000 драм в месяц.",Dec-15-2022_21-43,,,,,https://list.am/en/item/18379706
Country House,Wooden,15 sq.m.,1,1,1,No Renovation,290 sq.m.,4,Yes,Yes,By Agreement,By Agreement,Gegharkunik › Sevan,$250 monthly,USD,"The bridestone is on the immature right wing.290 square meters plot of land near the banks of Sevan.It is suitable for conducting a leisure business near the shore of Lake Sevan, if several pavilions and caravans are installed.$250 is 1 month's rent.Translated from Armenian",Dec-15-2022_21-43,Not available,Not available,,,https://list.am/en/item/18006612
House,Stone,1000 sq.m.,2,6,1,Old Renovation,1000 sq.m.,,,,,,"21st Street, Lusakunq","60,000 ֏ monthly",AMD,"A 2-storey private house is for sale or rent in Vardenis, Akunk village. It is partially furnished and has an orchard.Translated from Armenian",Dec-15-2022_21-43,,,,,https://list.am/en/item/18409125
House,Stone,60 sq.m.,1,1,1,Euro Renovation,2000 sq.m.,5,Yes,Yes,Not included,2 months,Gegharkunik › Ddmashen,"90,000 ֏ monthly",AMD,"Дом находится от Еревана 60км, около Цахкадзора (7км), есть беседка, гараж, колодец. Теплая, холодная вода, теплый пол, отопление, коммуникация, свет газ.",Dec-15-2022_21-43,,,,,https://list.am/en/item/18494092
House,Stone,350 sq.m.,2,6,2,Cosmetic Renovation,2000 sq.m.,8+,Yes,Yes,Not included,1 month,"Նաիրյան փողոցի 1-ին նրբանցք 13, Սևան","$1,500 monthly",USD,"For rent, three-story first floor, basement, newly built detached house in Sevan city, 300 square meters of living space, renovated, 5 bedrooms, 2 bathrooms, 2 reception rooms, kitchen, dining room, heating, constant water, furniture, garage for two cars, 130 square meters, ""water gas"", 30 square meters of kitchen and 200 square meters of storage building, 1200 square meters of garden with fruit trees.Translated from Armenian",Dec-15-2022_21-43,,,,,https://list.am/en/item/18450736
House,Stone,300 sq.m.,2,7,3+,Cosmetic Renovation,,8+,Yes,Yes,Not included,By Agreement,Gegharkunik › Gavar,"199,000 ֏ monthly",AMD,"Дом находится в центре Гавара, есть все коммуникации. Поблизи школа, детский сад, магазины. За домом чистый двор, мангал.",Dec-15-2022_21-43,,,,,https://list.am/en/item/18445843
