Type,Construction Type,Floor Area,Floors in the Building,Number of Rooms,Number of Bathrooms,Furniture,Garage,Renovation,Land Area,Number of Guests,Children Are Welcome,Pets Allowed,Utility Payments,Prepayment,Address,Price,Currency,Description,Datetime,Amenities,Appliances,Links
Country House,Stone,2000 sq.m.,2,7,3+,Available,3 or more spots,Designer Renovation,500 sq.m.,8+,Yes,Yes,By Agreement,By Agreement,Aragatsotn › Mughni,"80,000 ֏ daily",AMD,"2-storey private house is for daily rent in Mughni7 rooms: 5 bedrooms, 2 living rooms, kitchen,3 bathrooms, 2 inside, 1 outsideSwimming pool: Adults - 1.80, children - 90 cmpavilion for 40-50 people (cost is different)accommodation for 17 people + 2ATTENTION!IN CASE OF PROVIDING OVERNIGHT OTHER VALUEHOLIDAYS ON FRIDAY, FRIDAY, SATURDAY, SUNDAY THE PRICE IS DIFFERENTTranslated from Armenian",Nov-24-2022_23-04,,,https://list.am/en/item/17311288
Country House,Stone,1500 sq.m.,1,5,1,Available,3 or more spots,Designer Renovation,,8+,Yes,No,Included,By Agreement,Aragatsotn › Ohanavan,"80,000 ֏ daily",AMD,"A one-story house with three bedrooms is for rent, 13 km from Yerevan. All facilities are available, fireplace box, Internet, multi-channel TV, microwave oven. The house has an outdoor fireplace. Renovated with designer solutions with high quality property. The yard is 1700 square meters and there is a high-quality chat room for up to 20 people. There is a glass-walled pool of 4-7 sizes, which is filtered by the German system and high-quality cleaning materials. Cabin with bar shower, toilet, fireplace. The house is located on the Kasakh gorge, a wonderful view opens, Arai mountain, Aragatsi mountain, Kasagh river. The house is located 200 meters from the Hovhanavank church. Discounts apply for renting for more than two days. It is also possible to rent the space without a house.Translated from Armenian",Nov-24-2022_23-04,,,https://list.am/en/item/11965732
Country House,Stone,300 sq.m.,1,4,1,,,Euro Renovation,3000 sq.m.,8+,Yes,Yes,Not included,2 months,Aragatsotn › Byurakan,"$1,600 monthly",USD,"A detached house in Byurakan, Antarut, 30-35 km from Yerevan.4 bedrooms for 10-12 people,living room,1 bathroom,Kitchen,Mangal,Internet/ WI-FIdishesbedding,Veranda for 20-30 people,Heating System,All facilities are available.Nearby you can visit Teher Monastery 1232, Amberd Castle and Kari Lich.Translated from Armenian",Nov-24-2022_23-04,,,https://list.am/en/item/17905376
Country House,Stone,300 sq.m.,1,5,1,Available,3 or more spots,Euro Renovation,3000 sq.m.,8+,Yes,Yes,Not included,By Agreement,Aragatsotn › Byurakan,"50,000 ֏ daily",AMD,"Օրավարձով առանձնատուն Բյուրականում, Անտառուտ, Երևանից 30-35կմ հեռավորության վրա:4 ննջարան՝ 9-11 անձի համար,Հյուրասենյակ,1 սանհանգույց,Խոհանոց,Մանղալ,Ինտերնետ/ WI-FIՍպասք,Անկողնային պարագաներ,Վերանդա 20-30 անձի համար,Մանկական լողավազան,Ջեռուցման համակարգ,Գինը պայմանագրային՝ կախված օրերի քանակի հետԲԱՐՁՐ ԵՐԱԺՇՏՈՒԹՅՈՒՆԸ ՄԻՆՉԵՎ 23:00Մոտակայքում կարող եք այցելել Բյուրականի աստղադիտարան, Տեղեր վանք 1232թ, Ամբերդ ամրոց և Քարի Լիճ:Հնարավոր է նաև երկարաժամկետ:ПОСУТОЧНО сдается в аренду частный дом в Бюракане, Антарут посуточно. Расстояние от Еревана 30-35 км.4 спальни на 10-12 чел.Гостиная1 санузелкухняКрытая веранда на 20-30 чел.БеседкаМангалИнтернет/ WI-FIСтоловые принадлежностиПостельное бельеОтопленияЦена договорная, зависит от количества дней аренды.В окресности можно посетить монастырь Тегер 1232г. , крепость Амроц и озеро Кари Лич на вершине горы Арагац.Возможна также долгосрочная аренда.",Nov-24-2022_23-04,,,https://list.am/en/item/17816516
House,Monolith,230 sq.m.,1,3,1,,,Major Renovation,350 sq.m.,8+,Yes,Yes,Not included,1 month,"Davidashen 4-th block, Yerevan","$3,000 monthly",USD,"2-storey detached house for rent in Davtashen, completely renovated and furnished, has 3 bedrooms with its own bathroom and wardrobes, heating and cooling system, parking space, barbecue and pavilion.Translated from Armenian",Nov-24-2022_23-04,,,https://list.am/en/item/17782445
House,Monolith,920 sq.m.,4+,8+,3+,,,Designer Renovation,700 sq.m.,,,,,,Aragatsotn › Ashtarak,"$3,000 monthly",USD,"A 4-storey detached house is for rent at the beginning of Ashtarak, 15 km from Yerevan (20 km from the center) Residential 920 square meters, yur. The floor is 230 square meters, the land area is 700 square meters.5 living rooms, 8 bathrooms, 5 bedrooms (each with its own bathroom), 2 balconies (40-60 square meters), 3 kitchens, one summer (with grill), garage for 4 cars.Permanent water, electricity and water solar plants installed (electricity is Free for 12 months), air conditioners, central heating installed, cameras, security system. Possible sale with property and equipment for $420,000.Translated from Armenian",Nov-24-2022_23-04,,,https://list.am/en/item/17499658
House,Stone,1300 sq.m.,2,6,3+,,,Major Renovation,1000 sq.m.,,,,,,"Ashtarak highway, Yerevan","150,000 ֏ daily",AMD,"We invite you to Gallery Villa - Mansion22 km from Yerevan - in OshakanThe mansion is renovated in artistic style.6 bedroomsAlso available long termPrices may change depending on the number of people and daysThere are,DynamicRefrigeratorAir conditionerWashing machineIron + Hair dryerDishes3 forksBarbecue bottles + Fish grilling netPistolsBeddingBalcony with a beautiful viewTranslated from Armenian",Nov-24-2022_23-04,,,https://list.am/en/item/16561732
Country House,Stone,40 sq.m.,1,1,1,,,Designer Renovation,100 sq.m.,8+,Yes,Yes,Included,By Agreement,Aragatsotn › Oshakan,"15,000 ֏ daily",AMD,"An open-air pavilion is for daily rent in Oshakan* pavilion (where up to 35 people can sit)* barbecue, tonir and village hearth (barbecue bottle)* refrigerator, spring* beautiful green yard* for an additional fee we can provide a children's pool (5 m, 60 cm deep)Translated from Armenian",Nov-24-2022_23-04,,,https://list.am/en/item/16505980
House,Stone,360 sq.m.,2,5,3+,Available,Not available,Designer Renovation,1500 sq.m.,8+,Yes,No,By Agreement,By Agreement,Aragatsotn › Ashtarak,"70,000 ֏ daily",AMD,6 bedroomsbathroomkitchenswimming poolbooth for 40 people + dishesa large yard area**check in at 14:00check out 12:00**price is without overnight stayCode costaTranslated from Armenian,Nov-24-2022_23-04,,,https://list.am/en/item/17968881
Country House,Monolith,300 sq.m.,2,6,3+,Available,Not available,Major Renovation,8000 sq.m.,8+,Yes,Yes,By Agreement,By Agreement,Aragatsotn › Oshakan,"80,000 ֏ daily",AMD,"MG_Chalet Private house for rent in Oshakan.Provided with all utilities.Necessary dishes and linen are available.Furnished with property and equipment.5 bedrooms,5 bathrooms.1 living room.Each bedroom has its own bathroom. ALSO MONTHLYOvernight accommodation for up to 10-12 people,Swimming pool.Pavilion designed for up to 60 people.Yard with a beautiful view.Car parking.The cost depends on the persons and the overnight stay.Book in advance.Large swimming poolALSO MONTHLYCode MG111Translated from Armenian",Nov-24-2022_23-04,,,https://list.am/en/item/16587178
Country House,Stone,300 sq.m.,2,5,3+,Available,Not available,Major Renovation,8000 sq.m.,8+,Yes,Yes,By Agreement,By Agreement,Aragatsotn › Oshakan,"80,000 ֏ daily",AMD,A house and a closed pavilion are available for daily rent. Call for details. The cost depends on the persons and the overnight stay.Book in advance.Large swimming poolALSO MONTHLYTranslated from Armenian,Nov-24-2022_23-04,,,https://list.am/en/item/16933205
Country House,Stone,390 sq.m.,2,7,2,,1 spot,Designer Renovation,1000 sq.m.,7,Yes,No,By Agreement,By Agreement,Aragatsotn › Oshakan,"50,000 ֏ daily",AMD,"A beautiful private house in Oshakan is for rent per month and per day.Provided with all utilities. The house is heated.Necessary dishes and linen are available. Wi-Fi.4 bedrooms,2 bathrooms.2 living rooms.1 dining room.Kitchen.Swimming pool.Great views from balconies and rooms.Overnight stay for up to 7 people. In case of overnight stay, the price will be changed. The house has a fireplace. Outside there is a grill and a place for a bonfire. Also suitable for filming. You can also find us on Instagram with the following link: Serlin_house. You can view my other announcements as well.Translated from Armenian",Nov-24-2022_23-04,,,https://list.am/en/item/17134350
Country House,Stone,260 sq.m.,2,4,3+,,,Major Renovation,1300 sq.m.,,,,,,Aragatsotn › Byurakan,"90,000 ֏ daily",AMD,"Luxurious villa is for daily rent not far from Byurakan. The house is 2-storey, has 3 bathrooms, Jacuzzi, 4 bedrooms, where 15 people can spend the night. It is equipped with an outdoor pool, fireplace, barbecue, toner, and a beautiful pavilion for 30 people. It has a beautiful view. The house is fully renovated. The house is surrounded by a beautiful orchard and has a playground.Translated from Armenian",Nov-24-2022_23-04,,,https://list.am/en/item/16345321
Country House,Stone,120 sq.m.,1,3,2,,,Euro Renovation,3600 sq.m.,4,Yes,Yes,Not included,2 months,Aragatsotn › Parpi,"$1,500 monthly",USD,"A one-story private house is for rent in Parpi. The house is furnished, there are two bedrooms and two bathrooms. There are fruit trees that the tenant can use. There is a swimming pool, a treehouse, a barbecue grill and a separate fire pit. The mansion is located 17 km from Yerevan. A heating system is installed.Translated from Armenian",Nov-24-2022_23-04,,,https://list.am/en/item/18361448
Country House,Stone,1500 sq.m.,1,1,1,Available,3 or more spots,Major Renovation,30 sq.m.,8+,Yes,No,Included,By Agreement,"Մայրուղի Աշտարակ - Փարպի 11, Աշտարակ","40,000 ֏ daily",AMD,"For daily rent, the courtyard of the country house with all its facilities.Translated from Armenian",Nov-24-2022_23-04,,,https://list.am/en/item/18271085
House,Stone,360 sq.m.,2,6,2,Available,Not available,Designer Renovation,950 sq.m.,8+,Yes,No,By Agreement,By Agreement,Aragatsotn › Ashtarak,"80,000 ֏ daily",AMD,"Costa RicaNew Year's prices are now available.A two-story private house in Ashtarak is available for daily rent, both with overnight accommodation for 12-15 people and without overnight accommodation for 40 people.Code CostaRicTranslated from Armenian",Nov-24-2022_23-04,,,https://list.am/en/item/18046074
Country House,Stone,690 sq.m.,2,3,1,Available,3 or more spots,Cosmetic Renovation,690 sq.m.,5,Yes,Yes,Included,By Agreement,Aragatsotn › Aghdzk,"30,000 ֏ daily",AMD,"Summer house with heating for daily rent and overnight stay in Ashtarak Aghtsk community, Uja did not reach.For details, call the indicated phone number. The swimming pool has been closed since October, the house and grill are for rent. 30,000 AMD for 5 people, 35,000 AMD for 10 people, and 10,000 AMD for overnight stay for 5 people.Autumn, Winter, Spring also Khash seasonTranslated from Armenian",Nov-24-2022_23-04,,,https://list.am/en/item/18138845
Country House,Stone,1200 sq.m.,2,4,2,,,Designer Renovation,1200 sq.m.,8+,Yes,Yes,By Agreement,By Agreement,Aragatsotn › Ashtarak,"70,000 ֏ daily",AMD,"Summer house HOLIDAY VILLA is for daily rent in Aghdzk village of Ashtarak (Dzorap) All facilities are created to organize a family vacation.2-storey stone house.*kitchen*living room*3 bedrooms*2 open balconies*bathrooms* sauna with its rest room and separate bathroomThe yard is equipped.*toaster*grill* gas stove*swimming pool (with filtration system) ️*2 booths* summer kitchen*Parking for 6 + carsAvailable for entertainment:*Ping-pong*table hockey* table football*children's playground* swingsOther terms:*internet (wifi)* heating system* cooling system*hot/cold waterCall for additional questions. ️Daily wage from Monday to Friday: 70,000 Dr. Without OvernightSaturday and Sunday daily wage: 90,000 AMD.Without OvernightTranslated from Armenian",Nov-24-2022_23-04,,,https://list.am/en/item/17874506
Country House,Stone,100 sq.m.,1,3,1,,,Cosmetic Renovation,,,,,,,Aragatsotn › Aparan,"20,000 ֏ daily",AMD,A rest house with all amenities is for daily rent. There is a pavilion in the yard.Translated from Armenian,Nov-24-2022_23-04,,,https://list.am/en/item/17920053
Country House,Monolith,768 sq.m.,2,5,2,,,Major Renovation,170 sq.m.,,,,,,Aragatsotn › Ashtarak,"$2,500 monthly",USD,"Two-story private house for rent in Ashtarak,The house has a game room (billiards, tennis), kitchen, stylish living room with antique furniture, 4 bedrooms, summer kitchen, swing.Ideal for large families or more than one family.Translated from Armenian",Nov-24-2022_23-04,,,https://list.am/en/item/18374173
House,Stone,140 sq.m.,2,3,1,Available,1 spot,Old Renovation,600 sq.m.,4,Yes,Yes,Not included,1 month,Aragatsotn › Ashtarak,"100,000 ֏ monthly",AMD,"A two-storey house in Ashtarak is for rent and for sale. In case of other questions, please call the aboveFOR SALETranslated from Armenian",Nov-24-2022_23-04,,,https://list.am/en/item/18018639
Country House,Stone,300 sq.m.,2,4,2,,,Designer Renovation,200 sq.m.,,,,,,Aragatsotn › Aparan,"80,000 ֏ daily",AMD,Ara mountain guest houseThe guest house is located in Yernjatap village of Aragatsotn region (on the slope of Mount Ara)It has a pavilion for up to 35-40 people for celebrationsOrganize your stay in our welcoming guest houseTranslated from Armenian,Nov-24-2022_23-04,,,https://list.am/en/item/18114555
Country House,Stone,180 sq.m.,1,2,1,,,Designer Renovation,1000 sq.m.,,,,,,Aragatsotn › Ohanavan,"$1,500 monthly",USD,"There are also long-term, naturally pleasant discounts!Translated from Armenian",Nov-24-2022_23-04,,,https://list.am/en/item/17961761
Country House,Wooden,22 sq.m.,2,1,2,,,Designer Renovation,500 sq.m.,,,,,,"Araratyan street, Shenavan","30,000 ֏ daily",AMD,"Address Aparan ReservoirA summer house is for daily rent.For lovers of family and collective recreation.The summer house has all the conditions to organize a full and comfortable vacation for each guest. We offer a bright summer pavilion, kitchen with all amenities, tonir The area has a 24-hour water supply, there is a bathroom.Barbecue (barbecue accessories),The pavilion can accommodate 20-25 people.We can provide a cook, a waiter.ATTENTION THE AREA IS IN THE APARAN RESERVOIR HAS A VERY BEAUTIFUL VIEW TO THE LAKE, LOOKING AT THE FOREST LOCATIONTranslated from Armenian",Nov-24-2022_23-04,,,https://list.am/en/item/17918887
Country House,Monolith,400 sq.m.,2,5,2,,,Major Renovation,3000 sq.m.,8+,Yes,Yes,Included,By Agreement,Aragatsotn › Byurakan,$600 daily,USD,Summer house for daily rentA recipeCapital Repair• 5 rooms• 3000 square meters of land• 400 square meters residential• 2-storey /Newly built detached house/_We present to you a recreation zone like no other in Byurakan. A spacious green area with all the possibilities for organizing a great vacation. Swimming pool. Hot tub. A spacious private house for up to 10 people overnight. 4 bedrooms - each with its own bathroom and an open balcony. There is a large green area in the yard - parking - chat rooms - barbecueCode E061Translated from Armenian,Nov-24-2022_23-04,,,https://list.am/en/item/18259141
House,Stone,500 sq.m.,1,3,1,Available,Not available,Old Renovation,80 sq.m.,3,Yes,Yes,Not included,2 months,Aragatsotn › Byurakan,"150,000 ֏ monthly",AMD,"Private house for rentAragatsotn, Byurakan3 roomsresidential 80 sq. M.The land is 500 square meterswith utilitiesCode VM854Translated from Armenian",Nov-24-2022_23-04,,,https://list.am/en/item/17758554
House,Stone,70 sq.m.,1,3,1,,2 spots,Major Renovation,1200 sq.m.,6,Yes,Yes,Not included,2 months,"Улица Александр Арутюнян 65, Аштарак","$1,400 monthly",USD,"Прекрасный уютный дом в живописном Мугни, 2 спальни, гостиная, отличный участок с плодовитыми деревьями, мангал, тёплая вода, место для порковки!",Nov-24-2022_23-04,,,https://list.am/en/item/17977570
Country House,Stone,690 sq.m.,2,3,1,Available,3 or more spots,Cosmetic Renovation,690 sq.m.,8+,Yes,Yes,By Agreement,By Agreement,Aragatsotn › Ashtarak,"30,000 ֏ daily",AMD,"ATTENTION: You can call the number under the registered number of the same Viber as a regular subscriber.With heating. Summer house for daily rent, dacha for daily rent, swimming pool for daily rent.Spend your beautiful everyday life and festive events in Ashtarak Agtsq community. The swimming pool is closed since October, the house and grill are for rent. 30,000 drams for 5 people, 35,000 drams for 10 people, and 10,000 drams for overnight stay for 5 people.The distance from Yerevan to the summer house is 30 km. The summer house is given to only one collective (family)Autumn, Winter, Spring also Khash seasonTranslated from Armenian",Nov-24-2022_23-04,,,https://list.am/en/item/17906225
House,Stone,240 sq.m.,2,7,2,Available,Not available,Euro Renovation,1000 sq.m.,8+,Yes,No,Not included,1 month,"Улица Ереванян 27, Аштарак","500,000 ֏ monthly",AMD,"Сдаётся в аренду от центра Еревана 20 км. 2 этажный каменно-бетонный дом, капитальный новый евроремонт, необжитой, 4 спальни. Со всеми удобствами, во дворе беседка, мангал, плодовые деревя... Очень спокойное и безопасное место. Могут проживать две семьи, цена изменится. Остальное по телефону...",Nov-24-2022_23-04,,,https://list.am/en/item/17881410
Country House,Monolith,1000 sq.m.,2,6,2,Available,3 or more spots,Designer Renovation,6000 sq.m.,8+,Yes,No,Included,By Agreement,Aragatsotn › Mughni,"85,000 ֏ daily",AMD,"A luxurious private house in Mughni is for daily rent.! ATTENTION The house is detached, fenced 6000 m2.* 5 bedrooms* 2 bathrooms* Booth: 40-50 people* 30 car parking spaces* open balcony* pool depth: 1.8, children's section: 90 cmThe house can accommodate 12-15 people overnight.40-50 people without overnight accommodation.Check in (entrance) – 14:00Check out - 12:00* The price is different on Friday, Saturday, Sunday and non-working days.Code MuxniTranslated from Armenian",Nov-24-2022_23-04,,,https://list.am/en/item/18010378
Country House,Monolith,1000 sq.m.,1,4,2,Available,3 or more spots,Major Renovation,2000 sq.m.,8+,Yes,No,Included,By Agreement,Aragatsotn › Mughni,"60,000 ֏ daily",AMD,A private house is for rent in Mughni.Private house for daily rent in Mughni4 rooms3 bedrooms2 bathroomsSwimming poolPavilion for 70 peopleyardcar parkingdishesbeddinggrillfireplaceovernight stay: 10-12 peoplePRICE VARIABLE DEPENDING ON THE NUMBER OF DAYS OF PEOPLE.HOLIDAYS FRIDAY SATURDAY SUNDAY DIFFERENT PRICE.Check-in: From 14:00:Check-out: Until 12:00Can accommodate up to 15 people: 70 without overnight accommodation.Call in advance to reserve.Code Mughni2Translated from Armenian,Nov-24-2022_23-04,,,https://list.am/en/item/18079034
Country House,Stone,500 sq.m.,1,4,2,Available,3 or more spots,Major Renovation,1000 sq.m.,8+,Yes,No,Included,By Agreement,Aragatsotn › Mughni,"55,000 ֏ daily",AMD,"Private house for daily rent in Mughni* 3 bedrooms* 2 bathrooms* Swimming pool* pavilion (for 70 people)* dishes, barbecue bottle* bedding* Mangal, Barbecue bottle* fireplaceOvernight stay: 10-12 peoplePRICE VARIABLE DEPENDING ON THE NUMBER OF DAYS OF PEOPLE.HOLIDAYS FRIDAY SATURDAY SUNDAY DIFFERENT PRICE.Check-in: From 14:00:Check-out: Until 12:00Can accommodate up to 15 people: 70 without overnight accommodation.Call in advance to reserve.Translated from Armenian",Nov-24-2022_23-04,,,https://list.am/en/item/18352588
Country House,Monolith,1000 sq.m.,2,6,2,Available,3 or more spots,Designer Renovation,6000 sq.m.,8+,Yes,No,Included,By Agreement,Aragatsotn › Mughni,"85,000 ֏ daily",AMD,"A luxurious private house is for daily rent in Mughni.! ATTENTION The house is separate, fenced 6000 m2.* 5 bedrooms* 2 bathrooms* Pavilion for 40-50 people* Parking for 30 cars* open balcony* pool depth - 1.8, children - 90 cmThe house can accommodate 12-15 people per night.40-50 people without accommodation.Check in - 14:00:Check out - 12:00:* Friday, Saturday, Sunday and on non-working days the price is different.Code MuxniTranslated from Armenian",Nov-24-2022_23-04,,,https://list.am/en/item/17885087
Country House,Monolith,500 sq.m.,2,6,2,Available,3 or more spots,Designer Renovation,6000 sq.m.,8+,Yes,No,Included,By Agreement,Aragatsotn › Mughni,"85,000 ֏ daily",AMD,"A luxurious private house is for daily rent in Mughni.! ATTENTION The house is separate, fenced 6000 m2.* 5 bedrooms* 2 bathrooms* Pavilion for 40-50 people* Parking for 30 cars* Mangal, tonir* open balcony* pool depth - 1.8, children - 90 cmThe house can accommodate 12-15 people per night.40-50 people without accommodation.Check in - 14:00:Check out - 12:00:From Friday to Sunday, 90,000 drams.* Friday, Saturday, Sunday and On non-working days the price may be different.Code MuxniTranslated from Armenian",Nov-24-2022_23-04,,,https://list.am/en/item/17674638
Country House,Monolith,500 sq.m.,2,6,3+,Available,3 or more spots,Major Renovation,6000 sq.m.,8+,Yes,No,Included,By Agreement,Aragatsotn › Mughni,"80,000 ֏ daily",AMD,"A luxurious private house is for daily rent in Mughni.! ATTENTION The house is separate, fenced 6000 m2.* 5 bedrooms* 2 bathrooms* Pavilion for 40-50 people* Parking for 30 cars* open balcony* pool depth - 1.8, children - 90 cmThe house can accommodate 12-15 people per night.40-50 people without accommodation.Check in - 14:00:Check out - 12:00:* Friday, Saturday, Sunday and on non-working days the price is different.Code MughniTranslated from Armenian",Nov-24-2022_23-04,,,https://list.am/en/item/17737217
Country House,Monolith,1000 sq.m.,2,6,2,Available,3 or more spots,Major Renovation,6000 sq.m.,8+,Yes,No,Included,By Agreement,Aragatsotn › Mughni,"80,000 ֏ daily",AMD,"A luxurious private house is for daily rent in Mughni.! ATTENTION The house is separate, fenced 6000 m2.* 5 bedrooms* 2 bathrooms* Pavilion for 40-50 people* Parking for 30 cars* open balcony* pool depth - 1.8, children - 90 cmThe house can accommodate 12-15 people per night.40-50 people without accommodation.Check in - 14:00:Check out - 12:00:From Friday to Sunday, 90,000 drams.* Friday, Saturday, Sunday and on non-working days the price is different.Code MughniTranslated from Armenian",Nov-24-2022_23-04,,,https://list.am/en/item/17658266
Country House,Monolith,500 sq.m.,2,6,3+,Available,3 or more spots,Designer Renovation,6000 sq.m.,8+,Yes,No,Included,By Agreement,Aragatsotn › Mughni,"85,000 ֏ daily",AMD,"A luxurious private house is for daily rent in Mughni.! ATTENTION The house is separate, fenced 6000 m2.* 5 bedrooms* 2 bathrooms* Pavilion for 40-50 people* Parking for 30 cars* open balcony* pool depth - 1.8, children - 90 cmThe house can accommodate 12-15 people per night.40-50 people without accommodation.Check in - 14:00:Check out - 12:00:* Friday, Saturday, Sunday and on non-working days the price is different.Code MuxniTranslated from Armenian",Nov-24-2022_23-04,,,https://list.am/en/item/17806957
Country House,Monolith,1000 sq.m.,2,6,2,Available,3 or more spots,Designer Renovation,6000 sq.m.,8+,Yes,No,Included,By Agreement,Aragatsotn › Mughni,"80,000 ֏ daily",AMD,"A luxurious private house is for daily rent in Mughni.! ATTENTION The house is separate, fenced 6000 m2.* 5 bedrooms* 2 bathrooms* Pavilion for 40-50 people* Parking for 30 cars* open balcony* pool depth - 1.8, children - 90 cmThe house can accommodate 12-15 people per night.40-50 people without accommodation.Check in - 14:00:Check out - 12:00:* Friday, Saturday, Sunday and on non-working days the price is different.Code MughniTranslated from Armenian",Nov-24-2022_23-04,,,https://list.am/en/item/17710693
Country House,Stone,1000 sq.m.,1,4,2,Available,3 or more spots,Designer Renovation,600 sq.m.,8+,Yes,Yes,By Agreement,By Agreement,Aragatsotn › Mughni,"50,000 ֏ daily",AMD,Private house for daily rent in Mughni4 rooms3 bedrooms2 bathroomsSwimming poolpavilion for 70 peopleyard:Car parkingdishesbeddingbarbecuefireplace:Accommodation for 10-12 peoplePRICE VARIABLY DEPENDS ON NUMBER OF PERSONS DAYS.HOLIDAYS ON HOLIDAYS FRIDAY SATURDAY SUNDAY MORE VALUE.Translated from Armenian,Nov-24-2022_23-04,"TElevision, internet, swimming pool, fireplace, barbecue oven, gazebo","FRidge, stove, microwave, coffee maker, washing machine, water heater, iron",https://list.am/en/item/17364823
Country House,Stone,150 sq.m.,2,4,2,,,Major Renovation,1500 sq.m.,,,,,,Aragatsotn › Aparan,"20,000 ֏ daily",AMD,"If you are looking for cool and at the same time sunny places for your and your relatives' entertainment, then Aragats Guest House is the best option. The guest house is located in Ara area of Aragatsotn marz.A beautiful view of Mount Arai opens from the balcony.8-10 people can be accommodated in the guest house, and 20-25 people can be accommodated in the pavilion.Translated from Armenian",Nov-24-2022_23-04,,,https://list.am/en/item/18114722
Country House,Stone,690 sq.m.,2,3,1,Available,3 or more spots,Cosmetic Renovation,690 sq.m.,5,Yes,Yes,By Agreement,By Agreement,Aragatsotn › Ashtarak,"30,000 ֏ daily",AMD,"ATTENTION: You can call with the number registered under the same VATSAP as a regular number subscriber.Spend your beautiful everyday life and festive events in the ️ summer house in Ashtarak Agtsk community. 30,000 AMD for 5 people, 35,000 AMD for 10 people, and 10,000 AMD for overnight stay for 5 people.We do not provide the clay and barbecue skewers.Check-in 10:00, check-out 22:00 (without overnight stay), check-in 10:00, check-out the next day10:00 a. M. The distance from Yerevan to the summer house is 30 km. The summer house is given only to one collective (one family)Autumn, Winter, Spring also Khash seasonTranslated from Armenian",Nov-24-2022_23-04,,,https://list.am/en/item/17957257
Country House,Stone,800 sq.m.,2,4,1,,,Major Renovation,600 sq.m.,8+,Yes,Yes,Included,Without prepayment,Aragatsotn › Kosh,"30,000 ֏ daily",AMD,"The guest house is for daily rent for family vacations, as well as organizing events. It is intended for up to 20-40 people. The guest house has a comfortable pavilion and a 25 square meter pool where you can organize various events.Is provided,booth for 20 people-fireplace (with barbecue accessories, barbecue skewers, firewood)swimming poolsummer kitchen (with all amenities, dishes)PlayerAvailable ONLY without overnight accommodation.Check-in: 10:00 Check-out: 23:00YerevanHouse for rentSwimming poolClose to YerevanRecreation AreaFamily vacationLarge swimming poolSwimming pool for daily rentTranslated from Armenian",Nov-24-2022_23-04,,,https://list.am/en/item/18025584
Country House,Stone,150 sq.m.,1,4,1,Available,1 spot,Euro Renovation,4000 sq.m.,7,Yes,No,By Agreement,1 month,Aragatsotn › Katnaghbyur,"300,000 ֏ monthly",AMD,"СДАЕТСЯ собственный дом (от владельца) в марзе Арагацотн (в 55 километрах от Еревана, в 50 километрах от Гюмри, 40.381570, 43.938765)!Дом используется как дача.Имеются все необходимые удобства - холодная и горячая вода, отопление/охлаждение кондиционером, стиральная и посудомоечная машины, холодильник, газовая плита (пропан) с духовкой, посуда, ЖК телевизор, Android TV BOX с более 700 русскоязычными, белорусскими и украинскими IPTV каналами, широкополосный интернет + WiFi.Удобно для работы на удаленке. По соседству (в 20 метрах) живет семья, у которой по цене намного ниже рыночной можно покупать домашнее молоко, сыр, яйцо, топленое масло, мясо и т. Д. , а также обращаться по любым бытовым вопросам.В деревне есть несколько неплохих магазинчиков, где можно покупать срочно понадобившиеся продукты и продовольствие, а в 5-и километрах находится город Талин, где есть несколько супермаркетов и продовольственных магазинов, в которых можно делать более крупные покупки.Просторная гостиная, 3 спальни, полностью обставленная кухня.Входная дверь металлическая. Окна металлопластиковые.Плитки санузла испанские.Общая площадь – 150 кв. М. , площадь гостиной – 45 + 30 кв. М. , спален – 16, 12 и 12 кв. М. , кухни – 16 кв. М.Территория вся в зелени (огромный фруктовый сад)Минимальный срок аренды 1 месяц. Цена 300000 драм в месяц (плюс плата за электричество)Дом два раза сдавался через Airbnb и оба раза гости оставили очень положительный отзыв.ДОМ СВОБОДЕН С 1-ГО ДЕКАБРЯ.КаринаЗвонить на тот же самый номер, указанный в контактной информации, НО КОДОМ НЕ 093 а 094.",Nov-24-2022_23-04,"TElevision, internet, air conditioner, barbecue oven","FRidge, stove, dishwasher, washing machine, water heater, iron, hair dryer",https://list.am/en/item/17499859
House,Stone,1300 sq.m.,2,7,2,Available,3 or more spots,Designer Renovation,1308 sq.m.,8+,Yes,Yes,By Agreement,By Agreement,"Մեսրոպ Մաշտոցի փողոց 128, Օշական","$1,200 monthly",USD,Provided long termwith property and equipment.6 bedroomsinternetTranslated from Armenian,Nov-24-2022_23-05,,,https://list.am/en/item/18369154
Country House,Stone,600 sq.m.,2,5,2,,,Designer Renovation,450 sq.m.,8+,Yes,No,By Agreement,By Agreement,Aragatsotn › Mughni,"55,000 ֏ daily",AMD,A private house is for daily rent in Mughni2 storey4 bedroomsPavilion for 30-35 peopleswimming poolbarbecue bottlegrilltoasterkettlegas stoveA wonderful place to spend your vacation.BOOK IN ADVANCE!Code A-107Translated from Armenian,Nov-24-2022_23-05,,,https://list.am/en/item/18230252
Country House,Stone,50 sq.m.,1,1,1,,,Designer Renovation,"60,000 sq.m.",,,,,,"Արագածի փողոց 38, Օշական","60,000 ֏ daily",AMD,Pool and summer kitchen suitable for organizing eventsTranslated from Armenian,Nov-24-2022_23-05,,,https://list.am/en/item/18274464
House,Stone,230 sq.m.,3,6,3+,,,Major Renovation,1200 sq.m.,,,,,,"Ashtarak highway, Yerevan","850,000 ֏ monthly",AMD,"Տրվում է երկարաժամկետ վարձով 3 հարկանի հարմարավետ առանձնատում:Տունը ունի`Լողավազանսաունաայգիտաղավար (խորավածի հարմարանքով)խաղասենյակ (բիլիարդի սեղանով)Տունը կապիտալ վերանորոգված է: Ապահովված է բոլոր հարմարություններով: Գտնվում է Աշտարակ տանող խճուղու վրա:! Չի տրվում օրավարձով, միայն երկարաժամկետ:",Nov-24-2022_23-05,,,https://list.am/en/item/14334047
Country House,Monolith,340 sq.m.,2,4,2,,,Partial Renovation,1500 sq.m.,8+,Yes,Yes,Not included,By Agreement,"Grigor Lusavorich street, Mughni","600,000 ֏ monthly",AMD,"A private house is for rent, 20 km from Yerevan, in the Mughni district of Ashtarak, next to the Holy Gevorg Church.There is permanent water, electricity, there are fruit trees in the garden, the house is unfurnished and partially renovated.Translated from Armenian",Nov-24-2022_23-05,,,https://list.am/en/item/17888374
House,Panels,85 sq.m.,2,2,1,Available,Not available,Euro Renovation,,4,Yes,Yes,Not included,By Agreement,Aragatsotn › Ashtarak,"25,000 ֏ daily",AMD,"Newly renovated, house with very beautiful views is for rent. It is for daily and monthly rent, with property, call for details.Translated from Armenian",Nov-24-2022_23-05,,,https://list.am/en/item/17795896
Country House,Stone,220 sq.m.,2,5,2,,,Euro Renovation,1000 sq.m.,7,Yes,Yes,By Agreement,By Agreement,Aragatsotn › Byurakan,"20,000 ֏ daily",AMD,"Сдается весь дом, а также отдельные комнаты. Дом находится в дачном участке посёлка. Рассматриваем семьи на длительный срок проживания. Цена указана за комнату. Подробности по телефону.",Nov-24-2022_23-05,,,https://list.am/en/item/18047165
Country House,Stone,1000 sq.m.,1,4,2,Available,1 spot,Major Renovation,800 sq.m.,7,Yes,Yes,Not included,1 month,Aragatsotn › Ashtarak,"350,000 ֏ monthly",AMD,"A private house-summer house is for rent in the village of Nazrvan (Khazaravan) near the city of Ashtarak. 25 km from Yerevan.It has 4 rooms, 2 bathrooms, a fireplace, it is furnished, equipped with all utilities, wifi, taxi, cameras,There is also a grill, toaster, gazebo, outdoor kitchen, table tennis,For details, please call the indicated phone number.Translated from Armenian",Nov-24-2022_23-05,,,https://list.am/en/item/18350071
House,Stone,360 sq.m.,2,5,3+,Available,Not available,Designer Renovation,800 sq.m.,8+,Yes,Yes,Included,By Agreement,Aragatsotn › Ashtarak,"70,000 ֏ daily",AMD,"Costa Rica Ashtarak - Mansion in Ashtarak——The private house is provided in 2 versions: With and without overnight accommodation.——* swimming pool* booth - 40 people* grill (closed)* 6 bedrooms* large living room* kitchen* green yard——Without overnight stay:** 14:00-23:00** 70,000** 40 people——Overnight:** 14:00-12:00** 100,000** in the afternoon: 40 people** at night: 14 people——Call for details, mention Costa Rica Ashtarak when calling...——A towerdaily wageprivate househouses for rentreal estaterenthousesper diemNew YearNew YearCode CostaRicTranslated from Armenian",Nov-24-2022_23-05,,,https://list.am/en/item/18008311
Country House,Monolith,1000 sq.m.,2,6,3+,Available,3 or more spots,Designer Renovation,6000 sq.m.,8+,Yes,No,Included,By Agreement,Aragatsotn › Mughni,"85,000 ֏ daily",AMD,"A luxurious private house in Mughni is for daily rent.! ATTENTION The house is detached, fenced 6000 m2.* 5 bedrooms* 2 bathrooms* Booth: 40-50 people* 30 car parking spaces* open balcony* pool depth: 1.8, children's section: 90 cmThe house can accommodate 12-15 people overnight.40-50 people without overnight accommodation.Check in (entrance) – 14:00Check out - 12:00* The price is different on Friday, Saturday, Sunday and non-working days.Code Mughni1Translated from Armenian",Nov-24-2022_23-05,,,https://list.am/en/item/18079010
House,Stone,350 sq.m.,3,6,2,,,Major Renovation,600 sq.m.,,,,,,"Մուղնի գյուղ 157, Աշտարակ","$1,400 monthly",USD,"The house is available for rent from September 1. The house has 4 bedrooms, 2 living rooms, 2 bathrooms, 2 kitchens, 3 open balconies, swimming pool, pergola, pavilion with barbecue grill, heating (lamborgini), internet, hot and cold water, garden. For long term rent.Translated from Armenian",Nov-24-2022_23-05,,,https://list.am/en/item/18037225
Country House,Stone,500 sq.m.,2,6,3+,Available,3 or more spots,Major Renovation,6000 sq.m.,8+,Yes,No,Included,By Agreement,Aragatsotn › Mughni,"85,000 ֏ daily",AMD,"A two-storey private house is for daily rent in Mughni.* 5 bedrooms (2 bedrooms double on the 1st floor, 3 bedrooms ․ triple on the 2nd floor* 1 living room* Fireplace* pavilion for 50 people* parking in your own yard* 6 hectares of green, fenced area* swimming pool for adults - 1.8 depth, for children - 90 cmCheck in - 14:00:Check out - 12:00:Up to 15 people can stay overnight in the house.The price varies according to the number of people։ days.Call in advance to make a reservation.Code MughniTranslated from Armenian",Nov-24-2022_23-05,,,https://list.am/en/item/14179099
Country House,Stone,180 sq.m.,1,5,3+,Available,3 or more spots,Major Renovation,2000 sq.m.,8+,Yes,Yes,Not included,By Agreement,Aragatsotn › Karbi,"80,000 ֏ daily",AMD,"The house is for daily rent, for leisure and events.Distance from Yerevan 15 km.Designed for up to 40 people.Completely fenced, with a beautiful view.Summer kitchen, hot and cold water.Outdoor swimming pool.Wardrobe, bathroom, shower.Green area, chat rooms.Swings, drums.Mangal, tonir with all its accessories.Dishes for 40 people, gas stove, refrigerator, freezer.High quality music.Free wifi, parking.No overnight stay.Code k-01Translated from Armenian",Nov-24-2022_23-05,,,https://list.am/en/item/17981773
Country House,Stone,165 sq.m.,1,5,1,Available,3 or more spots,Designer Renovation,1500 sq.m.,8+,Yes,Yes,Not included,By Agreement,Aragatsotn › Ohanavan,"120,000 ֏ daily",AMD,"A private house is for rent in Ohanavan community of Ashtarak, on the bank of a gorge.The one-storey private house is capitally renovated with modern design solutions.It is fenced, the total area is 1500 square meters (only the private house is 165 square meters)The house has 3 bedrooms, a large living room, a large hall է is provided with all the amenities for rest. It is furnished with high-quality foreign furniture, equipped with dishes and other necessary conditions. The plumbing is entirely of high quality Italian production.There is a high-quality swimming pool with attached wooden decks, outdoor BAR and outdoor bath (shower)In the yard there is a chat room (bisedka) with a wooden roof, a barbecue, a large orchard. The park offers a wonderful view of Mount Ara ի Kasis gorge սար Mount Masis.The nearest tourist places are Saghmosavank, Mughni church, St. Sargis church in Ushi.Translated from Armenian",Nov-24-2022_23-05,,,https://list.am/en/item/16636236
Country House,Stone,200 sq.m.,2,4,3+,,,Designer Renovation,3000 sq.m.,8+,Yes,Yes,Included,By Agreement,Aragatsotn › Ashtarak,"60,000 ֏ daily",AMD,"Summer house for rent in Nazrvan village of Ashtarak for daily or monthly rent (500,000 AMD) 10-12 people can stay overnight. The price for overnight stay is different. With a great view and all utilities. It has a summer kitchen, a swimming pool, pavilions for 40 and 20 people. It is located 20 km from Yerevan. You can spend your family and friends vacation with us. Call in advance to book. Օրավարձով առանձնատուն Աշտարակում։ 091039310 Translated from Armenian",Nov-24-2022_23-05,,,https://list.am/en/item/18022999
House,Stone,90 sq.m.,2,3,2,Available,Not available,Designer Renovation,980 sq.m.,8+,Yes,No,By Agreement,By Agreement,Aragatsotn › Ohanavan,"50,000 ֏ daily",AMD,"A very nice two-story private house in Dilijan is available for daily rent, which has 3 bedrooms, a spacious living room, kitchen and 2 bathrooms. Outside, it has a pavilion, a swimming pool, a green garden. It accommodates 10 people overnight.Translated from Armenian",Nov-24-2022_23-05,,,https://list.am/en/item/18170360
Country House,Stone,180 sq.m.,1,3,3+,By agreement,Not available,Designer Renovation,540 sq.m.,8+,Yes,No,By Agreement,By Agreement,Tavush › Dilijan,"100,000 ֏ daily",AMD,"Comfortable villa in Dilijan. The house is quality renovated and modern design. Both in the house and in the yard there are all necessary apartments for a good rest. The yard has a large garden, a gazebo for 40 guests, barbecue and barbecue. The house itself has 3 bedrooms, 3 bathrooms, a fully equipped kitchen and a spacious living room. The house has an access to the forest, it also has a balcony where you can sit and relax.To show on the mapTranslated from Armenian",Nov-24-2022_23-05,,,https://list.am/en/item/16896275
House,Stone,500 sq.m.,4+,6,3+,,,Major Renovation,500 sq.m.,,,,,,Aragatsotn › Ashtarak,"$3,000 monthly",USD,"A four-story private house in Ashtarak is for rent. The surface of the land is 500 square meters, and the building is 500 square meters. It is in excellent condition, with a beautiful view from the balcony of the house. It has five bedrooms, each with its own bathroom. The house has two air conditioners and has a solar system, the electricity in the house is free. It also has several outdoor terraces and a summer kitchen. It is provided with necessary furniture and appliances. For more information call: EdgarCode 1448Translated from Armenian",Nov-24-2022_23-05,,,https://list.am/en/item/17706064
House,Panels,100 sq.m.,1,4,2,,,Major Renovation,500 sq.m.,,,,,,"Marshal Baghramyan St, Aparan","60,000 ֏ daily",AMD,"JRAMBAR REST HOUSE family and friendly recreation zone. Aragatsotn marz, c. Reservoir Call to reserveTranslated from Armenian",Nov-24-2022_23-05,,,https://list.am/en/item/18177679
Country House,Stone,180 sq.m.,1,5,3+,Not available,Not available,Major Renovation,2000 sq.m.,1,Yes,Yes,Included,Without prepayment,Aragatsotn › Ashtarak,"50,000 ֏ daily",AMD,"The courtyard part of the mansion is available for daily rent, for organization of recreation and events.The distance from Yerevan is 15 km, Karbi, designed for up to 40 people. Fully fenced, with a beautiful view.Summer kitchen, hot and cold waterOutdoor swimming poolDressing room, bathroom, showerGreen area, chat roomsSwings, tapchansGrill, toaster with all its accessoriesDishes for 40 people, gas stove, refrigerator, freezer,High quality musicFree wifi, parkingNo overnight stayEntry from 11:00 to 23:00Translated from Armenian",Nov-24-2022_23-05,,,https://list.am/en/item/17685568
Country House,Stone,690 sq.m.,2,3,1,Available,3 or more spots,Partial Renovation,690 sq.m.,8+,Yes,Yes,By Agreement,By Agreement,Aragatsotn › Ashtarak,"30,000 ֏ daily",AMD,"Spend your beautiful everyday life and festive events in Ashtarak Agtsq community. The swimming pool is closed since October, the house with heating, the barbecue is for rent. It is given for 5 people: 30,000 drams, for 10 people: 35,000 drams, and with an extra charge for 5 people: 10,000 drams.We do not provide the pitchfork and barbecue skewers. The distance from Yerevan to the summer house is 30 km. The summer house is given only to one collective (family)Autumn, Winter, Spring also Khash seasonTranslated from Armenian",Nov-24-2022_23-05,,,https://list.am/en/item/17898326
Country House,Stone,200 sq.m.,3,4,2,Available,3 or more spots,Major Renovation,1000 sq.m.,8+,Yes,No,Not included,By Agreement,Aragatsotn › Ushi,"50,000 ֏ daily",AMD,"There is a daily rental area for organizing your vacation or events. The summer house is located in the village of Ushi, Ashtarak. St. Sargis monastery complex built in the 19th century. Call in advance to make a reservationTranslated from Armenian",Nov-24-2022_23-05,,,https://list.am/en/item/17890690
Country House,Stone,120 sq.m.,1,3,2,,,Designer Renovation,3600 sq.m.,8+,Yes,Yes,Included,By Agreement,"Բազմաղբյուրի ձոր ճանապարհ, Փարպի","90,000 ֏ daily",AMD,"A house with a swimming pool, summer house for daily rent, the area is isolated from noise and is located far from highways. The dimensions of the pool are 4:8 m, the depth is 1.8 m, the water in the pool is self-cleaning in a closed cycle, a high-quality Italian filtration system is installed.In the yard there is a large barbecue and a sitting area in the tree with a table and 4 chairs, there is also a fire place for preparing barbecues and lighting a bonfire in the evening. There is an open courtyard with an area of 52 square meters, where it is convenient to sit and enjoy the fresh air of Parpi and the view surrounded by green trees and mountains. Large tables and chairs are available for parties and celebrations of up to 40 people.The house is rented from 10:00 a. M. To 12:00 p. M. It is not rented for overnight stays!From Monday to Friday, the price is 90,000 AMD.Saturday and Sunday 120,000 AMD.In the case of more than 30 people, the price is 120,000 on working days and 150,000 on non-working days.Available with two dynamic bluetooth capabilities. The house is located not far from Yerevan, 15 km away.Translated from Armenian",Nov-24-2022_23-05,,,https://list.am/en/item/17849789
Country House,Stone,90 sq.m.,2,6,2,,,Designer Renovation,600 sq.m.,,,,,,Aragatsotn › Ashtarak,"30,000 ֏ daily",AMD,"A rural environment away from the noise of the city for events and recreation. 30 km from the city, on the road from Etchmiadzin to Ashtarak, in the summer house area of Shahumyan village. There is a swimming pool, drinking water, electricity, liquid gas, a separate pavilion, a bed for 14 people, hammocks, stoves. , TV, refrigerator, freezer, geyser faucet, SUMMER bath, grill, barbecue wood, parking for 3 cars in the yard. No Wi-fi. Latest2 km - dirt road. Entrance: From 10.30, exit - at 22.00. Please do not call people who are used to ""VIP"" conditions.Translated from Armenian",Nov-24-2022_23-05,,,https://list.am/en/item/17737516
Country House,Stone,400 sq.m.,2,7,3+,,,Designer Renovation,550 sq.m.,,,,,,Aragatsotn › Ohanavan,"120,000 ֏ monthly",AMD,"Houses in Ohanavan, Ashtarak and Karbi with all their amenitiesNature, clean airWhat else is needed to complete the rest?You deserve the best._Translated from Armenian",Nov-24-2022_23-05,,,https://list.am/en/item/17988716
House,Stone,500 sq.m.,3,5,3+,,,Euro Renovation,500 sq.m.,,,,,,"Ashtarak highway, Yerevan","120,000 ֏ daily",AMD,"A luxurious private house is for rent in the beautiful nature of Ashtarak. Here you can hold all your family gatherings. Swimming pool, which is cleaned and cleaned every day.Translated from Armenian",Nov-24-2022_23-05,,,https://list.am/en/item/17869362
House,Stone,,1,3,1,Available,Not available,Cosmetic Renovation,,8+,Yes,No,Not included,1 month,"Gyulbenkyan street, Yerevan","250,000 ֏ monthly",AMD,"The house is located on the right bank.3 rooms,Long term.Renovated furnishedTranslated from Armenian",Nov-24-2022_23-05,,,https://list.am/en/item/15437356
House,Stone,160 sq.m.,1,4,2,Available,3 or more spots,Designer Renovation,800 sq.m.,6,Yes,Yes,Not included,2 months,"Ashtarak highway, Yerevan","250,000 ֏ monthly",AMD,"Newly constructed, euro-renovated, high-quality, furniture equipment will be installed, brand new, heating, orchard, summer besetka kitchen, barbecue.Translated from Armenian",Nov-24-2022_23-05,,,https://list.am/en/item/17499666
House,Stone,98 sq.m.,2,2,2,By agreement,Not available,Major Renovation,520 sq.m.,5,Yes,No,By Agreement,By Agreement,Aragatsotn › Ashtarak,"100,000 ֏ daily",AMD,"PapaveroA two-story stone summerhouse in Ashtarak is available for daily rent, which has two floors, two bedrooms, two bathrooms, an outdoor swimming pool, a pavilion for 30 people.Daily wage: 100,000Daily wage / accommodation 130 000Code PapaVEro:Translated from Armenian",Nov-24-2022_23-05,,,https://list.am/en/item/16937309
House,Stone,350 sq.m.,2,8+,1,,,Partial Renovation,244 sq.m.,,,,,,Aragatsotn › Ashtarak,"$1,500 monthly",USD,"Друзья!Сдаю частный дом в 25км от Еревана, в городе Аштарак.1 этаж: Фойе, просторная кухня, санузел, ванная комната, гостиная 70кв/м. Балкон.2 этаж: Просторное фойе, 5 спальных комнат со всей мебелью.Двор на 6-7 машин, сад с фруктовыми деревьями.Очень удобно для организации офиса",Nov-24-2022_23-05,,,https://list.am/en/item/18376364
Country House,Stone,75 sq.m.,1,2,1,,,Designer Renovation,1200 sq.m.,,,,,,"Բազմաղբյուրի ձոր ճանապարհ, Փարպի","200,000 ֏ daily",AMD,"Spend your unforgettable days in this luxurious mansion locatedIn Ashtarak Parp settlement, with a beautiful view in nature.* 1 bedroom* 1 bathroom* 1 living room with kitchen* Mangal (barbecue bottle, wood is also provided)* Folding sofa* Parking lot*Gamak*Player too loud* Outdoor pavilion*Children's play facilities200,000 AMD per monthSpend your vacation in picturesque Parpi.#Аштарак #Парпи #Дача #Дача #Полгавазан #Павил #ХангстиГоти #eco_house_parpi #дача #басейн #отдих #бисетка #poolApartment house ECO HOUSE PARPITranslated from Armenian",Nov-24-2022_23-05,,,https://list.am/en/item/18034484
House,Stone,120 sq.m.,1,3,2,By agreement,2 spots,Euro Renovation,1200 sq.m.,3,Yes,Yes,Not included,1 month,Yerevan › Shengavit,"40,000 ֏ daily",AMD,"KOD-62125A 1-storey house for rent in Ashatarak.^ The house has 3 rooms, it is nicely furnished^ It's a sunny, bright house at any time of the day^ Beautifully and comfortably furnished for living^ Has all utilities^ There is a large plot of land with fruit trees in front of the house^ There is also a nice swimming poolTranslated from Armenian",Nov-24-2022_23-05,,,https://list.am/en/item/17513646
House,Stone,288 sq.m.,2,4,2,Available,2 spots,Euro Renovation,1130 sq.m.,8+,Yes,Yes,Not included,1 month,Aragatsotn › Mughni,"$1,000 monthly",USD,"Realty Consult ID` Y 917Վարձով է տրվում առանձնատունԱրագածոտնի մարզ, գ. Մուղնի, եկեղեցու մերձակայքումՀողամասը՝ 1130.0 քմԲնակելի շինություն 288.0 քմ, 1 հարկ + նկուղ, ձեղնահարկ, քարե, առաստաղ՝ 3.0 մՎԱՐՁԱՎՃԱՐԸ՝ 1000 $Առանձնատունը ունի 4 բնակելի սենյակներ և 2 սանհանգույցներԱռանձնատունը համալրված է հետևյալ կոմունիկացիաներով և համակարգերով՝ ջուր, կոյուղի, էլեկտրականություն, գազ և ջեռուցումՀողամասը հարթ է և պարսպապատ, մուտքի հատվածում տեղադրված է դարպաս: Տարածքում առկա է պտղատու այգի և սալապատ բակԱռկա է սառնարանային սենյակ, մրգերի պահեստավորման համարՇինությունը կառուցված է ժամանակակից ստանդարտներին համապատսխան, համալրված արդի ինժեներական ցանցերով, համակարգերով և կոմունիկացիաներովԱռանձնատան ներքին հարդարանանքը գտնվում է լավ վիճակում, իրականացված է որակյալ շինանյութերի և հարդարման տարրերի կիրառմամբRealty Consult ID` Y 917Сдается в аренду жилой домАрагацотнская область, село Мухни, рядом с церковьюЗемельный участок 1130.0 кв. МЖилая площадь 288.0 кв. М, 1 этаж + подвал, чердак, каменный, высота потока 3.0 мАРЕНДА 1000 $Количество жилых комнат 4, санузлов 2Дом подключен к необходимым коммуникациям: Вода, газ, электричество, канализация и отоплениеЗемельный участок ровный, огражден и благоустроен, у входа установлены качественные ворота. Дом имеет плодовый садИмееться холодильник для хранения фруктовДом построен в соответствии с современными стандартами, обеспечен всеми необходимыми инженерными сетями, системами и коммуникациямиВнутренняя отделка очень хорошая, выполнена в соответствии с современными требованиямиRealty Consult ID` Y 917FOR RENTa houseAragatsotn region, Mughni village, close to churchArea lot 1130.0 sq. MStone residential building 288.0 sq. M 1 floors + cellar, attic, stone, ceiling 3.0 mRENT 1000 $The house has 4 living rooms and 2 bathroomsThe house has the all communications` Water, sewer, gaz, electricity and heating systemThe area is flat, fenced and well-improved. There is a high-quality gate close to the entrance and there is a laskaping area.There is a refrigerator for storing fruitsThe building is built in modern standarts and with engineering networksThe interior of the house is in a perfect condition, it is made with hight quality material",Nov-24-2022_23-05,,,https://list.am/en/item/17793231
House,Monolith,150 sq.m.,1,3,1,,,Euro Renovation,5000 sq.m.,,,,,,"2-nd street, Bazmaghbyur","$1,500 monthly",USD,"Տրվում է վարձով վիլլա Աշտարակի հարևանությամբ, մոդեռն դիզայներական ոճով կապիտալ վերանորոգված, ընդարձակ պտղատու և դեկորատիվ բույսերով այգի, լողավազան, կամին, երկու ննջասենյակСдается частная вилла недалеко от Аштарака, 35мин от центра Еревана, полностью отремонтирован в современном дизайнерском стиле, просторный сад с плодовыми и декоративными растениями, бассейн, камин, две спальни",Nov-24-2022_23-05,,,https://list.am/en/item/18361530
House,Stone,250 sq.m.,3,7,2,,,Euro Renovation,800 sq.m.,8+,Yes,No,Included,By Agreement,Aragatsotn › Byurakan,"80,000 ֏ daily",AMD,"Сдаётся трехэтажный дом в Бюракане, 25км от Еревана, рядом Обсерватория, всё что нужно для проживания есть, могут проживать 3 или 4 семьи.Կոդ 3370",Nov-24-2022_23-05,,,https://list.am/en/item/17516910
House,Stone,150 sq.m.,2,4,2,Available,1 spot,Euro Renovation,500 sq.m.,4,Yes,Yes,Included,By Agreement,Aragatsotn › Oshakan,"35,000 ֏ daily",AMD,"A 2-storey private house for daily rent on the top of Oshakan valley with a beautiful view. The house is completely renovated, equipped with appropriate property and equipment.Translated from Armenian",Nov-24-2022_23-05,,,https://list.am/en/item/18249955
House,Stone,250 sq.m.,2,3,2,,,Designer Renovation,1400 sq.m.,,,,,,Aragatsotn › Mughni,"$1,500 daily",USD,"One-story, completely renovated private house. There are 3 bedrooms, 1 game room, spacious dining room, kitchen equipped with necessary utensils and appliances, two bathrooms, internet connection and cable TV, table tennis, billiards. There is also a summer kitchen, grill, toaster, swimming pool, shower and bathroom.Translated from Armenian",Nov-24-2022_23-05,,,https://list.am/en/item/17937843
House,Stone,200 sq.m.,2,5,1,,,Cosmetic Renovation,1500 sq.m.,,,,,,Aragatsotn › Artashavan,"20,000 ֏ daily",AMD,"Վարձով է տրվում առանձնատուն, դաչա կոմունալ հարմարություններով հարմար է ընտանիքով հանգստի համար, և միջոցառումների համար, հով է անաղմուկ, բնության մեջ, մի խոսքով դրախտ)) Ամառը դրվում է նաև լողավազան։Առկա է մանղալ, և խորովածի համար բոլոր հարմարություրնները, մոտ է Սաղմոսավանք եկեղեցուն, Տառերի պուրակին,ԳԻՇԵՐԱԿԱՑԻ և ՄԵԾ ՄԻՋՈՑԱՌՈՒՄՆԵՐԻ ՀԱՄԱՐ ԳՈՐԾՈՒՄ Է ՀԱՎԵԼԱՎՃԱՐ ՍԵՆՅԱԿԸ 5000ԴՐԱՄ։EnglishA private house is for rent, with communal facilities is suitable for family rest, և for events, the wind is quiet, in nature, in a word, paradise)) In summer there is a swimming pool. There is a barbecue, all the facilities for barbecue, it is close to Saghmosavank church, Letters Park, THE EXCELLENT ROOM IS 5000 AMD FOR NIGHT և LARGE EVENTS.РусСдается частный дом, дача с удобствами подходит для семейного отдыха, и для мероприятий, ветер тихий, на природе одним словом рай)) Летом есть бассейн.Есть мангал, все условия для шашлыка, рядом церковь Сагмосаванк, парк Письма,ОТЛИЧНЫЙ НОМЕР 5000 ДРАМ ЗА НОЧЬ և БОЛЬШИЕ МЕРОПРИЯТИЯ.#դաչա #հանգիստ #հանգստյանտուն #oravardzovtun #hangstyantun #saghmosavanqumtun #sepakantun #dacha #hangist #ejantun #draxtavayr #oravardz#turizm #տուրիզմ #домՄանրամասների համար զանգահարեք։Звоните, чтобы узнать подробности.Call for details.",Nov-24-2022_23-05,,,https://list.am/en/item/17787777
Country House,Stone,173 sq.m.,2,2,1,Available,Not available,No Renovation,,6,No,No,By Agreement,By Agreement,Aragatsotn › Ushi,"100,000 ֏ monthly",AMD,Summer house for rent in Ushi2 bedrooms1 bathroomcar parkingdishesbarbecuewarehouseTranslated from Armenian,Nov-24-2022_23-05,,,https://list.am/en/item/17638068
House,Stone,5000 sq.m.,2,6,3+,Available,3 or more spots,Major Renovation,,8+,Yes,No,By Agreement,2 weeks,Aragatsotn › Mughni,"100,000 ֏ daily",AMD,"Welcome to Star ApartmentSpend your vacation in sunny Mughni. It is only 25 km from Yerevan, not far from one of the most beautiful churches in Armenia, Saint Gevorg.At your disposal is a two-story house with 6 bedrooms (18 beds), a large dining room with a fireplace, a kitchen and two bathrooms.As well as a large garden, an outdoor swimming pool, a large summer house for 60 people and a barbecue.Wonderful nature and fresh air will fill your holiday with wonderful impressions.THE PRICE OF THE DAY IS CONVENTIONAL, DEPENDING ON THE NUMBER OF PEOPLE.Long-term rental is also possible.Translated from Armenian",Nov-24-2022_23-05,,,https://list.am/en/item/17717941
House,Stone,1000 sq.m.,1,4,2,Available,3 or more spots,Cosmetic Renovation,,8+,Yes,No,By Agreement,2 weeks,"Grigor Lusavorich street, Mughni","60,000 ֏ daily",AMD,"Welcome to Star ApartmentSpend your vacation in sunny Mughni. It is only 25 km from Yerevan, not far from one of the most beautiful churches in Armenia, Saint Gevorg.At your disposal is a house with 4 bedrooms (6 beds), a large dining room with a fireplace, a kitchen and two bathrooms.As well as a large garden, an outdoor swimming pool, a large summer house for 60 people and a barbecue.Wonderful nature and fresh air will fill your holiday with wonderful impressions.THE PRICE OF THE DAY IS CONVENTIONAL, DEPENDING ON THE NUMBER OF PEOPLE.Long-term rental is also possible.Translated from Armenian",Nov-24-2022_23-05,,,https://list.am/en/item/18267529
House,Stone,160 sq.m.,2,5,2,,,Euro Renovation,2500 sq.m.,,,,,,Aragatsotn › Ashtarak,"40,000 ֏ daily",AMD,"С 10:00 до 22:00 Предлагаем вам, провести ваш незабываемый отдых в семейном кругу в загородном доме по дороге в Аштарак, где царит гармония и приятная атмосфера. На территории имееться большой бассейн с фильтрацией воды, беседка расчитаная на 15-20 человек, есть мангал…суббота, воскресенье 50.000 Viber Whats App тот же номер",Nov-24-2022_23-05,,,https://list.am/en/item/17895347
Country House,Stone,180 sq.m.,2,5,3+,By agreement,Not available,Designer Renovation,980 sq.m.,8+,Yes,No,By Agreement,By Agreement,Aragatsotn › Ashtarak,"120,000 ֏ daily",AMD,"Modern AshtarakA luxurious country house in Ashtarak is for daily rent, with its courtyard, which includes a swimming pool, a large pavilion for 25-35 people. The private house is also provided for overnight accommodation for 11-13 people. In case of overnight stay, the price changes: 130,000 on weekdays, 150,000 on weekends.Code ModerAsh:Translated from Armenian",Nov-24-2022_23-05,,,https://list.am/en/item/17925015
House,Stone,75 sq.m.,1,2,1,Available,Not available,Designer Renovation,350 sq.m.,7,Yes,No,By Agreement,By Agreement,Kotayk › Tsakhkadzor,"25,000 ֏ daily",AMD,"Michi House TsaghkadzorComfortable private house in Tsaghkadzor. The balcony overlooks the city. The house has all the facilities for a good rest. Here you will spend a comfortable rest. The house has 2 bedrooms, 1 bathroom, a fully equipped kitchen and a spacious living room. When calling, mention the code: Michi House TsaghkadzorTranslated from Armenian",Nov-24-2022_23-05,TElevision,"FRidge, stove, coffee maker",https://list.am/en/item/17239557
Country House,Stone,1200 sq.m.,2,4,2,Available,Not available,Major Renovation,1200 sq.m.,8+,Yes,Yes,By Agreement,By Agreement,Aragatsotn › Mughni,"70,000 ֏ daily",AMD,"A two-storey summer house is for daily rent. It is fully repaired, it has hot and cold water. It has 2 bathrooms, 3 large bedrooms and a living room. The yard is green, there is a swing and besedka.Massage also has speakers for music.It is located in Mughni village of Aragatsotn region, close to St. George Church of Mughni.It is a wonderful place for collective entertainment, we look forward to it.The cost of 1 day is 70,000 drams, in case of renting the bedrooms - 100,000 drams.To discuss the details, call the mentioned number.Translated from Armenian",Nov-24-2022_23-05,,,https://list.am/en/item/17737555
Country House,Stone,6000 sq.m.,2,5,3+,Available,3 or more spots,Designer Renovation,5000 sq.m.,8+,Yes,Yes,Not included,By Agreement,Aragatsotn › Oshakan,"60,000 ֏ daily",AMD,"Օրավարձով է տրվում Հյուրատուն Օշականում, անմիջապես եկեղեցու հարևանությամբ, ամեն հարմարություններով թե մեծ և թե փոքր առիթների, միջոցառումների համար, ընտանիքով հանգստանալու ամենագողտրիկ անկյունը բնության գրկում, գեղեցիկ տեսարանով, ունի մեծ բակ՝ պայտե սեղան աթոռներով՝ 100-150 անձի համար, սպասք, փոքր լողավազան, բուխարի, թոնիր, ամառային խոհանոց, ճոճ, նարդի, շախմատ, թենիս, մարզվելու սարքավորումներ, շատ մեծ տարածք ձեր հանգիստը լիարժեք կազմակերպելու համար, առանձնատունն ունի 4 ննջարան, 1 հյուրասենյակ, 2 սանհանգույց, 2րդ հարկում բաց տարածք՝ խաղեր կազմակերպելու համար, ՄԱՌԱՆ՝ ներսում նույնպես առկա է պայտե աթոռ սեղան 20-25 անձիԿոդ A-077",Nov-24-2022_23-05,,,https://list.am/en/item/15680052
Country House,Monolith,300 sq.m.,3,3,1,Available,3 or more spots,Major Renovation,1000 sq.m.,8+,Yes,No,Included,By Agreement,"Ashtarak highway, Yerevan","70,000 ֏ daily",AMD,"A private house in Ashtarak is for daily rentThe mansion has all the necessary conditions for a full vacation:️Large bright comfortable pavilion for about 40 people (to enjoy a piece of immortal barbecue)️ Constant hot and cold water,Grill, toast️ Parking for 15 cars️ Swimming poolWonderful garden️Powerful player (dynamic)Gas,️ Refrigerators️ Internet, Wi-FiTranslated from Armenian",Nov-24-2022_23-05,"TElevision, internet, air conditioner, swimming pool, fireplace, barbecue oven, gazebo","FRidge, stove, microwave, coffee maker, washing machine, water heater, iron, hair dryer",https://list.am/en/item/18157138
Country House,Stone,54 sq.m.,1,1,1,Available,3 or more spots,Designer Renovation,600 sq.m.,8+,Yes,Yes,Included,By Agreement,"Erevanyan street 13, Shenavan","20,000 ֏ daily",AMD,"Address Aparan ReservoirA summer house is for daily rent.For lovers of family and collective recreation.The summer house has all the conditions to organize a full and comfortable vacation for each guest. We offer a bright summer pavilion, kitchen with all amenities. The area has round-the-clock water supply, there is a bathroom.Barbecue (barbecue accessories),The pavilion can accommodate 30-40 people.We can provide appropriate dishes, live music, equipment, cook, waiter.ATTENTION THE TERRITORY IS IN THE APARAN RESERVOIR.Translated from Armenian",Nov-24-2022_23-05,,,https://list.am/en/item/16399570
Country House,Stone,600 sq.m.,1,1,1,,,Designer Renovation,,,,,,,"Ashtarak highway, Yerevan","30,000 ֏ daily",AMD,"Address Aparan ReservoirA summer house is for daily rent.For lovers of family and collective recreation.The summer house has all the conditions to organize a full and comfortable vacation for each guest. We offer a bright summer pavilion, kitchen with all amenities. The area has round-the-clock water supply, there is a bathroom.Barbecue (barbecue accessories),The pavilion can accommodate 30-40 people.We can provide appropriate dishes, live music, equipment, cook, waiter.WANTED WORDS, Guesthouse, cottage, mansion,Daily rent, own house, birth, baptism, birthday event, rest, guest house, cottage, villa, daily rent.ATTENTION THE TERRITORY IS IN THE APARAN RESERVOIR.Translated from Armenian",Nov-24-2022_23-05,,,https://list.am/en/item/11599287
House,Stone,80 sq.m.,2,3,2,,,Designer Renovation,,,,,,,Aragatsotn › Byurakan,"35,000 ֏ daily",AMD,"A private house in Byurakan is for daily rent.There is a living room, kitchen, 2 bedrooms, 2 bathroomsThe house is equipped with all utilities and appliances (refrigerator, dishwasher, gas stove, microwave oven, kettle, washing machine, hair dryer, SMART TV)The entire plot is illuminated.Overnight stay for up to 4-6 people.It is also possible to provide long-term.35,000 AMD if provided for 1 dayTranslated from Armenian",Nov-24-2022_23-05,,,https://list.am/en/item/18132794
House,Stone,650 sq.m.,2,5,3+,Available,3 or more spots,Major Renovation,1500 sq.m.,8+,Yes,No,Not included,By Agreement,Aragatsotn › Parpi,"$1,200 monthly",USD,"A private house with all amenities, necessary furniture and appliances is for rent. The house is located in Parpi village of Aragatsotn marz. It is provided with constant hot and cold water, electricity, gas. The mansion has a spacious yard, a filtered swimming pool, a comfortable pavilion (беседка) with all amenities, a summer kitchen. The house is also available for daily rent.Translated from Armenian",Nov-24-2022_23-05,,,https://list.am/en/item/18206719
House,Stone,200 sq.m.,2,4,3+,,Not available,Major Renovation,1000 sq.m.,8+,Yes,No,By Agreement,By Agreement,Aragatsotn › Ashtarak,"95,000 ֏ daily",AMD,A private house is for daily rent.On the way to Ashtarak.Equipped with equipment.Equipped with all utilities.There are necessary dishes.Wi. Fi.Parking.Spacious yard.Swimming pool.Mangal.3 bedrooms. 1 living room.Accommodation for 7-8 people.The price depends on the number of days and people.Book in advance.H. Գ. Please call 11: 00-20: 00Code 8102Translated from Armenian,Nov-24-2022_23-05,,,https://list.am/en/item/14187812
House,Stone,300 sq.m.,1,4,2,Available,2 spots,Major Renovation,800 sq.m.,8+,Yes,No,Included,Without prepayment,"Ashtarak highway, Yerevan","150,000 ֏ daily",AMD,Օրավարձով է տրվում Առանձնատուն.Աշտարակ տանող ճանապարհին.Կահավորված գույքով տեխնիկայով.Ապահոված է կոմունալ բոլոր հարմարություններով.Առկա է անհրաժեշտ սպասք.Wi. Fi.Ավտոկայանատեղի.Ընդարձակ բակ.Լողավազան.Մանղալ.3ննջարան. 1 հյուրասենյակ.Գիշերակաց 7-8 անձի համար.Առժեքը կախված է օրերի քանակից և անձերից.Ամրագրել նախապես.,Nov-24-2022_23-05,,,https://list.am/en/item/17429009
House,Stone,150 sq.m.,2,5,3+,,3 or more spots,Designer Renovation,,8+,Yes,No,Included,By Agreement,Aragatsotn › Byurakan,"70,000 ֏ daily",AMD,"A private house in Byurakan is for daily rent.There is a living room, kitchen, 4 bedrooms, 4 bathroomsThe house is equipped with all utilities and appliances (refrigerator, dishwasher, gas stove, microwave oven, kettle, washing machine, hair dryer, SMART TV)It has a closed pavilion with all facilities (barbecue, toaster, summer kitchen), which is designed for about 25 people.The entire plot is illuminated.Overnight stay for up to 9-12 people.It is also possible to provide long-term.70,000 AMD if provided for 1 dayMore than 1 day: AMD 60,000 per dayTranslated from Armenian",Nov-24-2022_23-05,,,https://list.am/en/item/17269872
Country House,Stone,45 sq.m.,2,2,2,Available,1 spot,Major Renovation,160 sq.m.,6,Yes,Yes,Included,By Agreement,Aragatsotn › Byurakan,"25,000 ֏ daily",AMD,Or all the amenities for a relaxing stayTranslated from Armenian,Nov-24-2022_23-05,,,https://list.am/en/item/18096107
House,Stone,500 sq.m.,1,6,3+,Available,Not available,Designer Renovation,3000 sq.m.,8+,Negotiable,No,By Agreement,By Agreement,Aragatsotn › Ashtarak,"250,000 ֏ daily",AMD,"Two private houses with creative design solutions are for long-term or daily rent in Ashtarak, together with 500 sq. M. Մ. Residential and 3000 sq. M. M ․ with a total area.* Thoroughly reconstructed.* Heating is done by gas boiler, cooling by air conditioners.* The private houses are provided with equipment անհրաժեշտ equipment necessary for long-term and short-term residence։.* There are 2 living rooms, a kitchen, a rest room, a study, a bathroom, 2 bedrooms with separate bathrooms.* Green yard, garden, chat room, veranda, barbecue, open balcony.The price is AMD 1,100,000 per month.The price is AMD 250,000 per day. Variable depending on the season, number of guests։ days.Code NC1388Translated from Armenian",Nov-24-2022_23-05,,,https://list.am/en/item/16717255
Country House,Stone,600 sq.m.,3,8+,3+,,,Euro Renovation,1000 sq.m.,,,,,,Aragatsotn › Ashtarak,"60,000 ֏ daily",AMD,A private house is for daily rent on the 7th kilometer of the Yerevan-Ashtarak highway. Overnight if desired.Translated from Armenian,Nov-24-2022_23-05,,,https://list.am/en/item/17762890
Country House,Stone,1000 sq.m.,2,3,2,,,Major Renovation,2000 sq.m.,8+,Yes,Yes,Not included,Without prepayment,"Աշտարակի խճուղի 1, Երևան","60,000 ֏ daily",AMD,"Daily60,000 AMDtwo-story private house3 bedrooms2 kitchens2 bathroomsSwimming poolSaunaDesigned for 20-25 people11:00-22:00hot and cold waterWiFi:Bluetooth speakerDishBarbecue bottleOvernightАренда дом От центра 10 кмCode Hr01Translated from Armenian",Nov-24-2022_23-05,,,https://list.am/en/item/18245570
Country House,Stone,2000 sq.m.,2,7,3+,,,Designer Renovation,1500 sq.m.,8+,Yes,Yes,Included,By Agreement,Aragatsotn › Mughni,"90,000 ֏ daily",AMD,Private house for daily rent in Ashtarakpavilion for 40_50 peopleswimming poolATTENTION!In case of accommodation's other valueup to 17 people per nightPRICE CHANGES FROM THE NUMBER OF PERSONS ON THE DAYS.Code A-076Translated from Armenian,Nov-24-2022_23-05,,,https://list.am/en/item/13846942
Country House,Stone,1200 sq.m.,3,6,3+,Available,2 spots,Cosmetic Renovation,600 sq.m.,8+,Yes,Yes,Included,By Agreement,Aragatsotn › Ashtarak,"85,000 ֏ daily",AMD,"5 bedroomshot առը cold waterNatural gasindividual heating systemdishesbeddingbarbecueyard:Swimming pool: 6X4, depth: 1.50-1.60pavilion for 30-40 peoplein case of accommodation + 20,000 AMDAccommodation for 10-15 peoplePRICE CHANGES FROM NUMBER OF PERSONS IN DAYS.Code A-102Translated from Armenian",Nov-24-2022_23-05,,,https://list.am/en/item/10703843
Country House,Stone,200 sq.m.,2,4,1,,,Major Renovation,600 sq.m.,,,,,,Aragatsotn › Ashtarak,"85,000 ֏ daily",AMD,"A private house for daily rent in Ashtarak, (New Yerznka) It is given literally without overnight accommodation. It has a very large garden. The garden has swimming pools (also for children), a stone barbecue, a large pavilion with its own summer kitchen. Very suitable for celebrations, birthdays, engagements, weddings. Crockery is also provided. Pool, house, daily rent, pavilion, pool, eventTranslated from Armenian",Nov-24-2022_23-05,,,https://list.am/en/item/18207992
Country House,Stone,300 sq.m.,1,2,1,,Not available,Major Renovation,1000 sq.m.,8+,Yes,No,Included,Without prepayment,Aragatsotn › Ohanavan,"45,000 ֏ daily",AMD,"Сдается посуточно роскошная дача от Еревана 25км, очень подходит для семейного отдыха, здесь созданы все условии: Телевизор, холодильник, мангал, кухня, есть постоянная горячая и холодная вода.Имеется собственная автостоянка, ухоженный сад, беседка на 40-50 человек",Nov-24-2022_23-05,,,https://list.am/en/item/17870525
Country House,Stone,5000 sq.m.,2,7,3+,Available,3 or more spots,Designer Renovation,500 sq.m.,8+,Yes,Yes,By Agreement,By Agreement,Aragatsotn › Mughni,"90,000 ֏ daily",AMD,"Private house for daily rent in Mughni, 15 km from the citypavilion for 40_50 peopleswimming poolyard:Car parkingATTENTION!Other value in case of accommodationup to 15-17 people per nightPRICE CHANGES FROM THE NUMBER OF PERSONS.Code A-076Translated from Armenian",Nov-24-2022_23-05,,,https://list.am/en/item/14791073
House,Stone,200 sq.m.,1,1,1,,,Designer Renovation,1800 sq.m.,8+,Yes,No,Included,By Agreement,Aragatsotn › Oshakan,"80,000 ֏ daily",AMD,A private house is for daily rent without accommodation.Equipped with all utilities.Swimming pool.Summer pavilion. Intended for 20 people.Summer kitchen.Tonir. Mangal.Check-out time 10: 00-23: 00Call in advance to make a reservation.Code 50248Translated from Armenian,Nov-24-2022_23-05,,,https://list.am/en/item/17909734
House,Stone,3000 sq.m.,1,1,1,,,Designer Renovation,5000 sq.m.,8+,Yes,Yes,Included,By Agreement,Aragatsotn › Ashtarak,"80,000 ֏ daily",AMD,"A private house is for daily rent in Nazrvan village, Ashtarak regionAvailable without OvernightFiltered poolbarbecueSummer pavilionkitchen,Ping-pong,volleyball courta large garden.Code 50217Translated from Armenian",Nov-24-2022_23-05,,,https://list.am/en/item/17741474
House,Stone,200 sq.m.,1,5,3+,,,Designer Renovation,2000 sq.m.,8+,Yes,Yes,Included,By Agreement,Aragatsotn › Karbi,"90,000 ֏ daily",AMD,"Up to 40 people with daily rent for summer and events հանգ events.There is a kitchen furnished in the yard,hot and cold standing water,refrigerator, freezer (frosting)high quality musicsieve granite tiledtonirpavilions,swingstiled bathroomshower with solar heating,wardrobeSwimming pool with high quality filtration system.The summer house is for rent with dishes, barbecue skewers.The price is 120,000 AMD on Saturdays and Sundays, 100,000 AMD on other days,from 11:00 to 24:00,There is parking for 30 cars,WIFI,the road is asphaltedThere are no adjoining houses, completely fenced,Distance from Yerevan 20 km.For rent without accommodation.Book in advance.Code 50202Translated from Armenian",Nov-24-2022_23-05,,,https://list.am/en/item/17734313
House,Stone,1000 sq.m.,1,4,1,,,Designer Renovation,1000 sq.m.,8+,Yes,No,Included,By Agreement,Aragatsotn › Ghazaravan,"70,000 ֏ daily",AMD,"Տրվում է օրավարձով առանձնատուն Աշտարակի շրջանի Նազրվան գյուղում։Տրվում է գիշերակացով և առանց գիշերակացի3 ննջարան 1 հյուրասենյակԱռանց գիշերակացի կտրվի նաև հանգստի սենյակՖիլտրվող լողավազան,Տապչաններմանղալ,տաղավար (беседка),սեղանի թենիս,Մանրամասների համար զանգահարելԿոդ 50237",Nov-24-2022_23-05,,,https://list.am/en/item/17871225
House,Stone,150 sq.m.,1,3,1,,,Designer Renovation,3500 sq.m.,8+,Yes,No,Included,By Agreement,Aragatsotn › Parpi,"100,000 ֏ daily",AMD,"A private house is for daily rentThe area is cut off from noise and is located away from highwaysAvailable without accommodationThe size of the pool is 4: 8 m, the depth is 1.8 m, the water of the pool is self-cleaning in a closed cycle, a high-quality Italian filtration system is installed.In the yard there is a big barbecue - a place to sit on a tree - a table - 4 chairs, there is a place - a bonfire to make barbecue - to light a bonfire in the evening.There is an open balcony with an area of 52 square meters, where you can sit and enjoy the fresh air of Parpi, the view surrounded by green trees and mountains.There are large tables, chairs for parties and celebrations.The house is located not far from Yerevan, 15 km awayFor more information callCode 50236Translated from Armenian",Nov-24-2022_23-05,,,https://list.am/en/item/17870285
House,Stone,100 sq.m.,1,1,1,,,Designer Renovation,1000 sq.m.,8+,Yes,No,Included,By Agreement,Aragatsotn › Parpi,"90,000 ֏ daily",AMD,"Private house for daily rent in Aragatsotn region, intended for warm family gatheringsIS GIVEN WITHOUT NIGHTAvailable from 11:00 to 23:00Large pavilion for 20 people,barbecue with its facilities,rest roomswimming poolFor more information callCode 50185Translated from Armenian",Nov-24-2022_23-05,,,https://list.am/en/item/17712498
House,Stone,200 sq.m.,1,4,1,,,Major Renovation,2000 sq.m.,4,Yes,No,Not included,By Agreement,"Պռոշյան փողոց 167А, Աշտարակ","250,000 ֏ monthly",AMD,"Մանրամասն տեղեկությունների համար զանգահարեքСдаётся 1 этаж (4 комнаты) дачи в Аштараке в долгосрочную/краткосрочную аренду.Общая площадь дачного участка 2200 кв. М. , площадь дома - 200 кв. М.В доме 6 спальных мест, 1 гаражное место, налажены коммуникации, раздельная ванная комната и туалет, хороший интернет, большой балкон.На территории есть беседка, мангальная зона, разнообразные плодовитые деревья.Проживание с детьми и питомцами поощряется.Стоимость - в долгосрочную 250 000 драмов в месяц; в краткосрочную - в будни 20 000, в выходные 25 000 драмов.Translated from Armenian",Nov-24-2022_23-05,,,https://list.am/en/item/17825806
House,Stone,300 sq.m.,2,4,2,,,Designer Renovation,1200 sq.m.,8+,Yes,No,Included,By Agreement,Aragatsotn › Ashtarak,"120,000 ֏ daily",AMD,"A summer house is for daily rent in Aghdzk village of AshtarakAll the amenities are designed to enjoy the rest.Two-storey stone house with kitchen, living room, 3 bedrooms, 2 open balconies, bathrooms, as well as a sauna with its own rest room, separate bathroom, tonir, barbecueThere is table hockey and football for fun,outdoor poolsummer kitchen2 open-air pavilions, one for about ~ 30, the other for ~ 10 people, children's playground: Swings, slide, heating system, internet (wifi)Parking for 6 + cars.The best way to enjoy family vacation.Call for more questions.Monday-Thursday-120,000 AMDOrphan-Sunday - 140,000 AMDOvernight - daily rent + 20,000 AMDAragatsotn) Ashtarak) v. AghdzkCall to make a reservationCode 50255Translated from Armenian",Nov-24-2022_23-05,,,https://list.am/en/item/17918257
Country House,Stone,500 sq.m.,1,3,1,,,Euro Renovation,500 sq.m.,,,,,,"5th Street 12, Karin village","70,000 ֏ daily",AMD,"It is rented daily to organize different occasions.There is a pavilion for 20-25 people, it has a kitchen area, refrigerators, a barbecue, a rest room, a bathroom, hot and cold water, a swimming pool, taps…The area is fenced.The area is completely green, there are many beautiful ornamental trees.Children can play different games on the lawn.If desired, it is possible to stay overnight for an additional fee.Translated from Armenian",Nov-24-2022_23-05,,,https://list.am/en/item/17750038
House,Stone,300 sq.m.,3,4,2,,,Designer Renovation,1000 sq.m.,8+,Yes,Yes,Included,By Agreement,Aragatsotn › Byurakan,"45,000 ֏ daily",AMD,"At home in the church. It has a large hall, kitchen, rooms, bathrooms. Call for detailsTranslated from Armenian",Nov-24-2022_23-05,,,https://list.am/en/item/16925094
Country House,Stone,250 sq.m.,1,3,1,,Not available,Euro Renovation,1500 sq.m.,8+,Yes,No,By Agreement,By Agreement,Aragatsotn › Oshakan,"80,000 ֏ daily",AMD,A private house is for daily rent without accommodation.Provided with all utilities.Swimming pool.Summer pavilion. Intended for 20 people.Summer kitchen.Tonir. Mangal.Entrance hours 10: 00-23: 00Call in advance to make a reservation.H. Գ. Please call 11: 00-20: 00Code 8127Translated from Armenian,Nov-24-2022_23-05,,,https://list.am/en/item/10884801
House,Stone,1000 sq.m.,1,1,2,,,Designer Renovation,800 sq.m.,8+,Yes,No,By Agreement,By Agreement,Aragatsotn › Karbi,"100,000 ֏ daily",AMD,"Օրավարձով ամառանոց նախատեսված հանգստի և միջոցառումների համար մինչև 40 անձ։Բակում առկա է խոհանոց կահավորված,տաք և սառը մշտական ջուր,սառնարան, սառցարաց (морозильник)բարձրկարգ երաժշտություն,մաղալ գրանիտով սալիկապատված,թոնիր,տաղավարներ,ճոճանակներ,սալիկապատված սանհանգույց,ցնցուղ արևային տաքացման,հանդերձարան,լողավազան բարձրակարգ ֆիլտրացիոն համակարգով.Ամառանոցը վարձակալության է տրվում սպասքով, խորովածի շամփուրներով։Արժեքը շաբաթ և կիրակի օրերին 120 000 դրամ, մնացած օրերին 100 000 դրամ,ժամը 11։00 ից 23։00,առկա է ավտոկայանատեղի 30 ավտոմեքենայի համար,WIFI,ճանապարհը ասֆալտապատ,հարևանությամբ բնակելի տներ չկան, ամբողջությամբ պարսպապատ,Երևանից 20 կմ հեռավորություն.Տրվում է Առանց գիշերակացի.Ամրագրել նախապես.Հ. Գ. Խնդրում ենք զանգահարել 11:00-20:00Կոդ 8116",Nov-24-2022_23-05,,,https://list.am/en/item/12578741
House,Stone,180 sq.m.,1,5,3+,Available,2 spots,Major Renovation,2000 sq.m.,8+,Yes,Yes,Not included,By Agreement,Aragatsotn › Ashtarak,"120,000 ֏ daily",AMD,"VART187:Private house for daily rent in Karbi. The total area is 180 square meters, and the land is 2000 square meters. The house is fully renovated. There is a pavilion in the yard with all amenities, an outdoor pool, a tonir.Code VART-187Translated from Armenian",Nov-24-2022_23-05,,,https://list.am/en/item/17939669
House,Stone,50 sq.m.,2,1,3+,,,Major Renovation,1700 sq.m.,4,Yes,No,Included,Without prepayment,Aragatsotn › Byurakan,"199,000 ֏ monthly",AMD,"Сдаются просторные комнаты в большом, уютном гостевом доме.Природа, красивые виды, интернет, рядом с обсерваторией Бюракана.",Nov-24-2022_23-05,,,https://list.am/en/item/17581968
Country House,Stone,5000 sq.m.,2,7,3+,,3 or more spots,Designer Renovation,4500 sq.m.,8+,Yes,Yes,Included,By Agreement,Aragatsotn › Mughni,"90,000 ֏ daily",AMD,"2-storey private house is for daily rent in Mughni7 rooms: 5 bedrooms, 2 living rooms, kitchen,3 bathrooms, 2 inside, 1 outsideSwimming pool: 1.80 for adults and 90 cm for childrenpavilion for 40-50 people (cost is different)overnight for 17 people + 2ATTENTION!IN CASE OF PROVIDING OVERNIGHT OTHER VALUEHOLIDAYS ON FRIDAY, FRIDAY, SATURDAY, SUNDAY THE PRICE IS DIFFERENTCode A-076Translated from Armenian",Nov-24-2022_23-05,,,https://list.am/en/item/14618761
House,Stone,230 sq.m.,2,7,2,,,Old Renovation,500 sq.m.,,,,,,Aragatsotn › Byurakan,"$49,000 monthly",USD,"Own house for sale in Byurakan, 2 floors, the number is switched off, write me and I will call youTranslated from Armenian",Nov-24-2022_23-05,,,https://list.am/en/item/17729493
Country House,Stone,3000 sq.m.,1,4,2,Available,3 or more spots,Designer Renovation,2700 sq.m.,8+,Yes,Yes,Included,By Agreement,Aragatsotn › Mughni,"60,000 ֏ daily",AMD,Swimming poolpavilionyard:Car milldishesbeddingbarbecuePRICE CHANGES DEPENDING ON NUMBER OF PERSONS DAYS.Code A-101Translated from Armenian,Nov-24-2022_23-05,,,https://list.am/en/item/14582548
Country House,Stone,7000 sq.m.,2,5,3+,,,Designer Renovation,6500 sq.m.,,,,,,Aragatsotn › Oshakan,"60,000 ֏ daily",AMD,"Օրավարձով է տրվում Հյուրատուն Օշականում, անմիջապես եկեղեցու հարևանությամբ, ամեն հարմարություններով թե մեծ և թե փոքր առիթների, միջոցառումների համար, ընտանիքով հանգստանալու ամենագողտրիկ անկյունը բնության գրկում, գեղեցիկ տեսարանով, ունի մեծ բակ՝ պայտե սեղան աթոռներով՝ 100-150 անձի համար, սպասք, փոքր լողավազան, բուխարի, թոնիր, ամառային խոհանոց, ճոճ, նարդի, շախմատ, թենիս, մարզվելու սարքավորումներ, բուֆերներ, շատ մեծ տարածք ձեր հանգիստը լիարժեք կազմակերպելու համար, առանձնատունն ունի 4 ննջարան, 1 հյուրասենյակ, 2 սանհանգույց, 2րդ հարկում բաց տարածք՝ խաղեր կազմակերպելու համար, ՄԱՌԱՆ՝ ներսում նույնպես առկա է պայտե աթոռ սեղան 20-25 անձիԳԻՇԵՐԱԿԱՑԸ՝ 10-12 ԱՆՁԻ ՀԱՄԱՐԳԻՆԸ ՓՈՓՈԽԱԿԱՆ ԿԱԽՎԱԾ ԱՆՁԵՐԻ ՕՐԵՐԻ ՔԱՆԱԿԻՑ:Կոդ A-077",Nov-24-2022_23-05,,,https://list.am/en/item/14917520
Country House,Stone,60 sq.m.,1,3,1,,Not available,Designer Renovation,800 sq.m.,4,Yes,No,Not included,1 month,"Улица Гарегин Нжде 2, Апаран","210,000 ֏ daily",AMD,"Сдается дом/дача в городе Апаран в 60км к северу от Еревана, 40 минут пути, 2 спальни, санузел, горячая вода, WiFi, 800 квадратных метров земли и т. Д.500 USD в месяц\ամսականՎարձով տուն Ապարանում, վարձակալություն, аренда дома, дача в городе Апаран, аренда дома, аренда квартирыTranslated from Armenian",Nov-24-2022_23-05,,,https://list.am/en/item/18000883
Country House,Stone,1220 sq.m.,2,3,3+,,,Cosmetic Renovation,,8+,Yes,No,Not included,By Agreement,Aragatsotn › Ashtarak,"60,000 ֏ daily",AMD,"Code 0032 Green country house area with swimming pool for 30 people for rentThere is a sieve, toaster, summer kitchen, tennis,Basketball net, pool.The price is negotiable according to the number of persons.80,000 per nightTranslated from Armenian",Nov-24-2022_23-05,,,https://list.am/en/item/17832311
House,Stone,300 sq.m.,2,6,1,,,Old Renovation,,8+,Yes,Yes,By Agreement,By Agreement,Aragatsotn › Ashtarak,"$70,000 daily",USD,"Two-storey stone house, electricity, gas, water (hot-cold) permanent. Garden with fruit trees 1400m, grape refreshments 200m, view of historical Ararat, Aragats ուղղությամբ Ara mountains.Balcony 40 sq. M. Silent district. The price is much lower than the cost. Negotiable:Translated from Armenian",Nov-24-2022_23-05,,,https://list.am/en/item/14115694
House,Stone,60 sq.m.,1,2,1,,,Euro Renovation,80 sq.m.,5,Yes,No,Included,2 months,Aragatsotn › Ashtarak,"300,000 ֏ monthly",AMD,"A 2-room semi-detached euro house is for rent near the valley in Ashtarak. There is property, equipment, taxi, large parking space, a yard with a beautiful view into the valley, etc.It is also available for daily rent, 20,000 per day.There is another separate, cheaper room next door with a bathroom in the courtyard.Code 7752Translated from Armenian",Nov-24-2022_23-05,,,https://list.am/en/item/17738611
Country House,Stone,1000 sq.m.,1,4,2,,3 or more spots,Designer Renovation,700 sq.m.,8+,Yes,Yes,Included,By Agreement,Aragatsotn › Ashtarak,"60,000 ֏ daily",AMD,"Private house for daily rent in Mughni4 rooms, 3 bedrooms2 bathrooms, indoor, outdoorkitchenkamen, barbecue bottlepool 5.5 X 3.25 depth 1.40gardenPavilion for 70 people + additional 30 peopleOvernight accommodation for 10-13 peopleATTENTION!ANOTHER COST FOR OVERNIGHT DELIVERYTHE PRICE IS DIFFERENT ON HOLIDAYS, FRIDAY, SATURDAY, SUNDAYCode A-101Translated from Armenian",Nov-24-2022_23-05,,,https://list.am/en/item/14672791
Townhouse,Stone,270 sq.m.,2,4,3+,Available,1 spot,Major Renovation,,8+,Yes,No,Not included,By Agreement,Aragatsotn › Byurakan,"100,000 ֏ daily",AMD,"Օրավարձով տրամադրվում է լողավազանով շքեղ վիլլա քաղաքից ոչ հեռու Բյուրականում: Առանձնատունը 2 հարկանի է, ունի 3 սանգանգույց, ջակուզի, 4 ննջարան, որտեղ կարող են գիշերել 12 հոգի: Նաև հագեցած է դրսի լողավազանով, բուխարիով, մանղալով, թոնրով, 30 հոգանոց գեղեցիկ տաղավարով: Ունի գեղեցիկ տեսարան: Առանձնատունը կապիտալ վերանորոգված է: Առանձնատունը շրջապատված է գեղեցիկ պտղատու այգով և ունի խաղահրապարակգիշերակաց 110000Роскошная вилла сдается посуточно недалеко от Бюракана. Дом 2-х этажный, имеет 3 санузла, джакузи, 4 спальни, где могут переночевать 12 человек. Он оборудован открытым бассейном, камином, барбекю, тонером и красивым павильоном на 30 человек. Он имеет прекрасный вид. Дом полностью отремонтирован. Дом окружен красивым фруктовым садом и имеет детскую площадку.",Nov-24-2022_23-05,,,https://list.am/en/item/17833547
Country House,Stone,1000 sq.m.,2,5,2,Available,1 spot,Major Renovation,,8+,Yes,No,Not included,By Agreement,Aragatsotn › Ashtarak,"80,000 ֏ daily",AMD,"Private house with swimming pool for daily rentIt has a large swimming pool.Booth for 20 peopleBeautiful green yard,Check in (entrance) – 11:00Check out - 23:00Translated from Armenian",Nov-24-2022_23-05,,,https://list.am/en/item/18055094
Country House,Stone,1500 sq.m.,1,2,1,,,Cosmetic Renovation,,,,,,,Aragatsotn › Ashtarak,"50,000 ֏ daily",AMD,Summer house with daily rent without overnight stay.Translated from Armenian,Nov-24-2022_23-05,,,https://list.am/en/item/18132873
House,Stone,200 sq.m.,2,4,2,By agreement,1 spot,Cosmetic Renovation,3000 sq.m.,5,Yes,Yes,Included,1 month,Aragatsotn › Karbi,"$120,000 monthly",USD,"Close to the station, there are shops and a bakery nearby.Close to the canal.For saleTranslated from Armenian",Nov-24-2022_23-05,,,https://list.am/en/item/17840713
House,Monolith,555 sq.m.,3,8+,3+,,,Designer Renovation,2002 sq.m.,8+,Yes,Yes,Not included,1 month,Aragatsotn › Artashavan,"$5,000 monthly",USD,"Only 29 km away from Yerevan, a luxurious, three-storey private house is for sale or rent at the foot of Mount Ara.The total area of the land is 1666 + square meters (2,000 sq. M.)The total area of the buildings is 550 + sq / mThe house consists of:from the lobbyLarge living roomFrom 9 bedroomsFrom 2 kitchens and 7 bathroomsIt has several open balconies overlooking the yard of the private house, where the garden is located. The house has a wonderful view of Mount Ara.It has a beautiful green garden with fruit trees, where there are all the amenities for a wonderful leisure - barbecue, indoor - open pavilions, as well as a 7x3 outdoor swimming pool. There is also a 2x3 indoor swimming pool. There is a round-the-clock water supply, as well as an irrigation system. There are 2 pieces of 4 t ․ capacity tanks. Heating is carried out by gas boilers. Air conditioners are installed.The house is fenced, a video surveillance system is installed.There is an open-air parking for cars. The road to the private house is completely asphalted.Kind regards, #AsatryanConsulting team.The best for you!Best for you!Luchshee for you!Lo Mejor para ti!The Best for you!最 适合 您Code 17903975Translated from Armenian",Nov-24-2022_23-05,,,https://list.am/en/item/17903975
Country House,Bricks,1200 sq.m.,1,2,2,Available,Not available,Designer Renovation,1000 sq.m.,8+,Yes,No,By Agreement,By Agreement,Aragatsotn › Oshakan,"80,000 ֏ daily",AMD,"A recreation area (only the outside part) is for daily rent, it is fenced ած with all the necessary conditions for recreation.For a maximum of 20 people.Translated from Armenian",Nov-24-2022_23-05,,,https://list.am/en/item/17897184
