Type,Floor Area,Address,Price,Currency,Description,Datetime,Prepayment,Utilities,Amenities,Links
Garage,18 sq.m.,"Charents Street 1st Lane 6/12, Yerevan","25,000 ֏",AMD,"A stone garage is for rent in the center of Charnts, on the 1st lane. It is also very suitable for storage.Translated from Armenian",Nov-24-2022_16-43,,,,https://list.am/en/item/18303971
Garage,18 sq.m.,"Muratsan Street, Yerevan","25,000 ֏",AMD,"Available on loan. Garage, clean condition, fully concreted iron gatecall the specified phone number for details.Translated from Armenian",Nov-24-2022_16-43,,,,https://list.am/en/item/18355816
Garage,20 sq.m.,"Amiryan Street 20, Yerevan","35,000 ֏",AMD,"URGENT EMERGENCY For sale OR for rent, garage in the center, in the yard of Amiryan 20 building, suitable for storage.Translated from Armenian",Nov-24-2022_16-43,By Agreement,,,https://list.am/en/item/17421036
Parking Space,20 sq.m.,"Цицернакабердское шоссе 1/2, Ереван","30,000 ֏",AMD,Վարձով պարկինգ Դալմա Պարկինգ-3 հարկ. 2-местный Паркинг находится под жилым домом по соседству с ТЦ Далма,Nov-24-2022_16-43,,,,https://list.am/en/item/15092261
Garage,80 sq.m.,"Nelson Stepanyan street 1, Yerevan","250,000 ֏",AMD,"Two garages for rent, each 40 square meters can be used as a warehouse or workshop.Translated from Armenian",Nov-24-2022_16-43,,,,https://list.am/en/item/18330275
Garage,25 sq.m.,Yerevan › Davitashen,"45,000 ֏",AMD,Space given for rent to be used as a storage with questions please contact with the phone number listed,Nov-24-2022_16-43,,,,https://list.am/en/item/18374735
Garage,20 sq.m.,Yerevan › Avan,"20,000 ֏",AMD,"Сдается гараж в райное Исаакян, рядом с магазином Наирии.",Nov-24-2022_16-43,,,,https://list.am/en/item/18328912
Garage,60 sq.m.,"Leningradyan street, Yerevan","30,000 ֏",AMD,"Large, spacious garage, near the main road.Translated from Armenian",Nov-24-2022_16-43,By Agreement,,,https://list.am/en/item/17071562
Garage,60 sq.m.,Yerevan › Kentron,"220,000 ֏",AMD,A garage is for rent in the center at 97 Charents street. 1st line on the road. It is possible to change it to office.Translated from Armenian,Nov-24-2022_16-43,,,,https://list.am/en/item/17671964
Garage,60 sq.m.,Yerevan › Kentron,"220,000 ֏",AMD,"A garage is for rent in the Center, at 97 Charents Street. Located on the road. Suitable for all types of activities. Can be changed to office.Translated from Armenian",Nov-24-2022_16-43,,,,https://list.am/en/item/17670844
Garage,60 sq.m.,Yerevan › Kentron,"130,000 ֏",AMD,Garage in the 4th block of Nor Nork 75 m. Suitable for all types of activities. Located on the 2nd line of the road. Call for other questions. Plyonka khadavik processor blowing storage workshopTranslated from Armenian,Nov-24-2022_16-43,,,,https://list.am/en/item/17667650
Garage,60 sq.m.,Yerevan › Kentron,"220,000 ֏",AMD,Automoyka autoplyonka is suitable for all types of activities. The address is Charents 97. 1 gin line on the road. It is possible to transform it into an officeTranslated from Armenian,Nov-24-2022_16-43,,,,https://list.am/en/item/17650855
Garage,18 sq.m.,"Vilnyus street, Yerevan","1,500,000 ֏",AMD,Garage undergroundHas no state debtsSubject to rename by documentStandard 18 mMetal gatesNo hole (yamka)It is possible to open a ventDetails by phoneIt is also possible to exchange with an equivalent carTranslated from Armenian,Nov-24-2022_16-43,By Agreement,,,https://list.am/en/item/17954618
Parking Space,20 sq.m.,"Amiryan Street, Yerevan","35,000 ֏",AMD,Urgently for rent Garage Garage Suitable for storage Amiryan 20 OVIRI Yard Excellent conditionTranslated from Armenian,Nov-24-2022_16-43,1 month,,,https://list.am/en/item/17563259
Garage,20 sq.m.,"Moskovyan street 33, Yerevan","45,000 ֏",AMD,"Urgently rent a garage in the Center, call for detailsTranslated from Armenian",Nov-24-2022_16-43,By Agreement,,,https://list.am/en/item/17582184
Garage,40 sq.m.,Yerevan › Nor Nork,"100,000 ֏",AMD,"Boxer for rent, blower, motorist and electrician wanted, call for detailsTranslated from Armenian",Nov-24-2022_16-43,,,,https://list.am/en/item/17866085
Garage,19 sq.m.,"Chekhov street, Երևան","32,000 ֏",AMD,"It is located at Chekhov 16 building. Repaired, automatic opening and closing. Amenakich is given with a deposit starting from 2 months.Translated from Armenian",Nov-24-2022_16-43,2 months,,,https://list.am/en/item/18162035
Garage,50 sq.m.,"Arshakuniats Avenue 135, Yerevan","30,000 ֏",AMD,"Վարձակալության է հանձնվում ավտոտնակ տարբեր իրերի պահելու համար (հեծանիվ, մոտո, տան իրեր և այլն) :Տեղադրված է անվտանգության համակարգ",Nov-24-2022_16-43,Without prepayment,,,https://list.am/en/item/18083859
Garage,50 sq.m.,"Arshakuniats Avenue 135, Yerevan","30,000 ֏",AMD,"A garage is available for rent to store various things (motorcycle, bicycle, household items, etc.)An alarm system is installed on the garage. (alarm)The price depends on the size and quantity of the items.Translated from Armenian",Nov-24-2022_16-43,By Agreement,ELectricity,,https://list.am/en/item/18331241
Garage,30 sq.m.,"Улица Микаэла Налбандяна 31, Ереван","40,000 ֏",AMD,Срочно!Каменный гараж. Здается в аренду! Плата ежемесячно!,Nov-24-2022_16-43,,,,https://list.am/en/item/18350070
Garage,18 sq.m.,"Avan-Arinj 1st micro, Yerevan","25,000 ֏",AMD,"Stone garage for rentattentiongarage for sale, rent until soldTranslated from Armenian",Nov-24-2022_16-43,,,,https://list.am/en/item/18186586
Parking Space,22 sq.m.,"Amiryan Street, Yerevan","35,000 ֏",AMD,Urgent For Rent Parking 20 sq. M. In normal condition Pademni garageTranslated from Armenian,Nov-24-2022_16-43,2 weeks,,,https://list.am/en/item/17706178
Garage,25 sq.m.,"Khorenatsi street, Yerevan",$200,USD,Suitable as a commercial spaceTranslated from Armenian,Nov-24-2022_16-43,,,,https://list.am/en/item/17614639
Garage,20 sq.m.,"Lepsius 2-nd street, Yerevan","$6,000",USD,"The garage is for sale, it is located in the yard of Lepsius 2 building (14 krug)Translated from Armenian",Nov-24-2022_16-43,,,,https://list.am/en/item/17150104
Garage,16 sq.m.,"Zoravar Andranik street 92, Yerevan","50,000 ֏",AMD,"Աբարանցիների շենքին կից ավտոտնակ։ Կարող է օգտագործվել որպես փուռ, պահեստ, բանջարեղենի խանութ և այլն։",Nov-24-2022_16-43,,,,https://list.am/en/item/18369111
Parking Space,40 sq.m.,"Mayisi 9 street, Երևան","30,000 ֏",AMD,Parking lot on May 9 street in ShengavitTranslated from Armenian,Nov-24-2022_16-43,Without prepayment,,,https://list.am/en/item/14424938
Parking Space,20 sq.m.,Yerevan › Davitashen,"50,000 ֏",AMD,"It can be used as 1 car parking space, aslo can be used as a storage whichever is more convenient. With questions please contact with the phone number listed",Nov-24-2022_16-43,,,,https://list.am/en/item/18368585
Garage,23 sq.m.,"Moldovakan street 48, Yerevan","30,000 ֏",AMD,Metal garage for long-term rent. It is very convenient for parking a car.Address: On the way up from Moldovan 48 to Sally's warehouse.There is a video surveillance system in the area.There is no water or electricity in the garage.Do not call to lower the price or 10% cheaper if you pay 6 months before renting.Translated from Armenian,Nov-24-2022_16-43,By Agreement,,,https://list.am/en/item/16650382
Garage,54 sq.m.,"Nazarbekyan block, Yerevan","110,000 ֏",AMD,An area is for rent as a warehouseTranslated from Armenian,Nov-24-2022_16-43,1 month,,,https://list.am/en/item/17096219
Garage,18 sq.m.,"Komitas Avenue 16, Yerevan","20,000 ֏",AMD,Garage for rent in the yard of Komitas 16 (Archelyan Kitchen) for details call the garage is dryTranslated from Armenian,Nov-24-2022_16-43,,,,https://list.am/en/item/17649267
Parking Space,22 sq.m.,"Tsitsernakaberd Highway 1/2, Yerevan","$10,500",USD,Ավտոկայանատեղի -3Dalma Garden MallParking,Nov-24-2022_16-43,,,,https://list.am/en/item/13106566
Garage,80 sq.m.,Yerevan › Erebuni,"130,000 ֏",AMD,"Oil station for rent working at a car service center.Monthly payment 130,000 AMDGazavik-130,000obivshikMoika - 170.000Cafe-200.000Also, all the boxes are rented separately.Translated from Armenian",Nov-24-2022_16-43,,,,https://list.am/en/item/17765878
Garage,200 sq.m.,"Silikyan 1st street, Yerevan","150,000 ֏",AMD,I rent a boxer Aftoservice. We also accept students.Translated from Armenian,Nov-24-2022_16-43,,,,https://list.am/en/item/17975040
Parking Space,20 sq.m.,"Փավստոս Բուզանդի փողոց 13, Երևան","30,000 ֏",AMD,"Փ. Բուզանդ փողոցում, քաղաքի լավագույն հատվածում երկարաժամկետ և կարճաժամկետ վարձակալությամբ տրվում են ավտոկայանատեղեր յուրաքանչյուրը` 18-ից - 20 քմ մակերեսով, որը գտնվում է 15 հարկանի նորակառույց շենքի ստորգետնյա 3 հարկում` -1, -2 և -3 հարկերում: Շենքում ընդհանուր առկա են 50-ից ավելի կայանատեղեր: Մուտքը փողոցի կողմից է: Շենքն ապահովված է անվտանգության համակարգով: Մոտակայքում են ենթակառուցվացքները, խանութները, բանկերը, զբոսայգին և ժամանցի վայրերը: 1 մեքենայի համար ամսական գումարը սկսվում է 30.000 դրամից: Տրվում է նաև կարճ ժամկետով:Сдаются в долгосрочную аренду или посуточно парковочные места на 3-х этажах подземной парковки в подвале 15-этажной новостройки на улице Бузанда, каждое площадью 18-20 кв. М. В парковке более 50 парковочных мест. Въезд с улицы. В здании действует круглосуточная система безопасности. Ежемесячная плата за 1 автомобиль начинается от 30 000 драмFor long-term or daily rent are parking spaces on 3 floors of underground parking in the basement of a 15-story new building on Buzand Street, with an area of 18-20 sqm each. There are more than 50 parking spaces in the parking lot. Entrance is from the street. The building has a 24/7 security system. The monthly fee for 1 car starts from AMD 30,000.",Nov-24-2022_16-43,By Agreement,,"VIdeo surveillance, 24/7 security",https://list.am/en/item/17660205
Garage,20 sq.m.,Yerevan › Davitashen,"65,000 ֏",AMD,Storage is given for rent with questions please contact with the phone number provided,Nov-24-2022_16-43,,,,https://list.am/en/item/18367042
Garage,30 sq.m.,"Artsakh avenue 47, Yerevan","$10,000",USD,Stone garage with euro door near metro stationTranslated from Armenian,Nov-24-2022_16-43,Without prepayment,,,https://list.am/en/item/17767340
Garage,18 sq.m.,"Quchak block 14, Yerevan","$3,500",USD,"The garage is located in Avan, Kuchak districtCall for details.Translated from Armenian",Nov-24-2022_16-43,By Agreement,,,https://list.am/en/item/18037798
Garage,50 sq.m.,"Arshakuniats Avenue 135, Yerevan","30,000 ֏",AMD,"Տրվում է վարձով ավտոտնակ տարբեր իրերի պահելու համար (մոտո, հեծանիվ, տան իրեր և այլն) ։Ավտոտնակի վրա տեղադրված է ազդանշանային համակարգ (сигнализация) :Գինը կախված է իրերի չափից և քանակից։",Nov-24-2022_16-43,By Agreement,ELectricity,,https://list.am/en/item/17919730
Garage,15 sq.m.,"Komitas Avenue, Yerevan","$9,000",USD,"Komitas, in the yard of Papazyan 21/1 building, FOR SALE, a stone garage with a land ownership certificate, 15 sq. M. Մ. 2,7 * 5,3 Negotiable:Garage garage garageTranslated from Armenian",Nov-24-2022_16-43,,,,https://list.am/en/item/16686191
Garage,70 sq.m.,"David-Bek Street 174/2, Yerevan","200,000 ֏",AMD,Auto repair shop needs or hiring vulcanizerTranslated from Armenian,Nov-24-2022_16-43,1 month,,,https://list.am/en/item/18204096
Garage,12 sq.m.,Yerevan › Nubarashen,"20,000 ֏",AMD,"Здам гараж 12 кв. Метров. Месячная оплата 20000др. Можите употреблять и как гараж, и как кладовку для хранения вещей. Или же употребить для бизнесса ремонт обуви, одежды и. Т. Д.",Nov-24-2022_16-43,,,,https://list.am/en/item/17571457
Garage,24 sq.m.,"Tbilisian Highway lane, Yerevan","$6,000",USD,"Stone garage for sale, panel roof.Translated from Armenian",Nov-24-2022_16-43,Without prepayment,,,https://list.am/en/item/17554909
Parking Space,1000 sq.m.,"Արին Բերդ փողոցի 5-րդ նրբանցք 7, Երևան","6,000 ֏",AMD,"For any car park, the area is guarded by a security guard.Translated from Armenian",Nov-24-2022_16-43,By Agreement,,,https://list.am/en/item/17870196
Garage,18 sq.m.,"Նորաշեն թաղամաս 42, Երևան","$7,700",USD,"A completely privatized (both the land and the building) garage is for sale URGENTLY, 16 block, in front of building 42. Has a certificate of ownership. Electricity is also available as an individual customer. The roof has no place to let water in, it is dry. Not for rent.Translated from Armenian",Nov-24-2022_16-43,Without prepayment,,,https://list.am/en/item/18364701
Garage,20 sq.m.,"Pushkin Street 58, Yerevan","55,000 ֏",AMD,"A stone garage is for rent in the center. There are no problems with the roof, it is a dry garage.Translated from Armenian",Nov-24-2022_16-43,2 months,,,https://list.am/en/item/18313859
Garage,10 sq.m.,Yerevan › Ajapnyak,"110,000 ֏",AMD,"Sold with equipment for $ 4,500Translated from Armenian",Nov-24-2022_16-43,,,,https://list.am/en/item/15405306
Garage,20 sq.m.,"Silikyan 12th street, Yerevan","1,000,000 ֏",AMD,Garage GarageTranslated from Armenian,Nov-24-2022_16-43,By Agreement,,,https://list.am/en/item/15709979
Parking Space,23 sq.m.,"Tsitsernakaberd Highway 1/2, Yerevan","20,000 ֏",AMD,"Parking for rent.Tech-Passport, Owner's Passport or Driver's LicenseDalma parking3.23 x 6.90 m2, 21-22 square meters,6.45 x 6.90 m2 44 square meters3.28 x 12.80 m2, 42 square metersParking near Dalma Garden mallGarage parking lotParking AvtokayanatexiTranslated from Armenian",Nov-24-2022_16-43,2 months,,,https://list.am/en/item/8597063
Parking Space,22 sq.m.,"Tsitsernakaberd Highway 1/2, Yerevan","17,000 ֏",AMD,"Dalma Parking:Garage parking parkingDalma parking:Parking for rent3.23 x 6.90 m2, 21-22 sq. M.6.45x6.90 m2 44 sq. M.3.28x12.80 m2, 42 sq. M.6.5 12.80 m2, 83.2 sq. M.Tech Passport, Owner's Passport or Driver's License-----Translated from Armenian",Nov-24-2022_16-43,2 months,,,https://list.am/en/item/10773992
Parking Space,24 sq.m.,"Tsitsernakaberd Highway 1/2, Yerevan","16,000 ֏",AMD,"Parking for rent.Tech-Passport, Owner's Passport or Driver's License--Dalma parking3.23 x 6.90 m2, 21-22 square meters, 19,000 AMD6.45 x 6.90 m2, 44 square meters, 40,000 dr3.28 x 12.80 m2, 42 square meters, 24000 AMD--Parking near Dalma Garden mallGarage parking lotParking:Translated from Armenian",Nov-24-2022_16-43,2 months,,,https://list.am/en/item/11446189
Garage,20 sq.m.,"Yervand Kochar street 13, Yerevan","40,000 ֏",AMD,"A garage is for long-term rent in the center, on Yervand Kochar street.Translated from Armenian",Nov-24-2022_16-43,By Agreement,,,https://list.am/en/item/17133654
Parking Space,72 sq.m.,"Hovsep Arghutian street, Yerevan","150,000 ֏",AMD,"Car service box for rent in Komitas, has three-phase electricity, gas, water, the area is videotaped 24/7, suitable for an electrician and/or a plumber, call for detailsTranslated from Armenian",Nov-24-2022_16-43,,,,https://list.am/en/item/18269236
Parking Space,15 sq.m.,"Nor Aresh 37th street, Yerevan","30,000 ֏",AMD,A garage is for rent. It can serve as a storehouse.Translated from Armenian,Nov-24-2022_16-43,,,,https://list.am/en/item/16797336
Garage,24 sq.m.,"Boryan street 2, Yerevan","$8,500",USD,A stone garage for residential purposes and with the possibility of building a second floor is for sale at Boryan 2. Price: $8500.Translated from Armenian,Nov-24-2022_16-43,Without prepayment,,,https://list.am/en/item/16645660
Parking Space,18 sq.m.,Yerevan › Arabkir,"15,000 ֏",AMD,"A parking lot is for rent in Eraz district,In a convenient location in the basement of Adontsi 4/3 buildingTranslated from Armenian",Nov-24-2022_16-43,,,,https://list.am/en/item/18258570
Garage,18 sq.m.,"Zakaria Sarkavag street 126/1, Yerevan","$4,000",USD,Negotiable - There is a hole in the garage - a hole has been drilledTranslated from Armenian,Nov-24-2022_16-43,Without prepayment,,,https://list.am/en/item/16746844
Garage,450 sq.m.,Yerevan › Ajapnyak,"900,000 ֏",AMD,"For rent in Ankaraarea 450 mheight 8 meterscommunications - water, light, seweragehas a stand of 10,000 m.There are yards 18 meters in the buildingwas a Fourier boxer.Also suitable for storage, production,There is an office space in the areaTranslated from Armenian",Nov-24-2022_16-43,,,,https://list.am/en/item/17917032
Parking Space,70 sq.m.,"Nork 5-th street, Yerevan","150,000 ֏",AMD,"For rent without an intermediary, a closed space in Nork Marash, on the main street, next to ATS 5th street, 10 meters long, 7 meters wide, 3.10 meters high, 4 shutters open, 6 meters wide, plastered, walls plastered. There is electricity, permanent water, sewage, suitable for organizing various worksTranslated from Armenian",Nov-24-2022_16-43,By Agreement,,,https://list.am/en/item/18155721
Garage,15 sq.m.,"Sundukyan Street, Yerevan","$3,200",USD,"A garage is for sale or for rent, or I will exchange it for a car of equivalent price, in Arabkir, in the yard of Sundukyan 21 building, with a rental certificate. The garage has a sewer, it is possible to open a rear entrance and add a floor, very suitable for a shop, storage department or even a workshop. 2 is shared with the neighbor, but the front part belongs to me according to the main plan. If you want to buy, you can share. Dimensions: 3.10x4.85. The price is negotiable.Translated from Armenian",Nov-24-2022_16-43,By Agreement,,,https://list.am/en/item/17788033
Parking Space,17 sq.m.,"Dzorapi street 40, Yerevan","35,000 ֏",AMD,"Տրվում է վարձով ավտոկայանատեղի, Ձորափի 40 շենքում (Էլիտ Գրուպի), 2-րդ հարկում։Ունի մշտական լույս, վերահսկվում է անվտանգության աշխատողների կողմից, մուտքը կողմնակի ավտոմեքենաների և մարդկանց համար փակ է։Կա 3 կայանատեղի, գինը մեկի համար է։Здаеться подземный гараж в центре на улице Дзорапа, имеется три места рядом, цена за единицу.В здании круглосуточная охрана.Underground parking in the center. Has electricity and security (entrance for not authorized people if forbidden)There are 3 parking close to each other. The price in this ad is for one only.Dzorap avtokayanatexi, dzorap, ձորափ, ձորափ ավտոկայանատեղի, автостоянка в центре, car parking in city center.",Nov-24-2022_16-43,,,,https://list.am/en/item/18033445
Parking Space,16 sq.m.,"Dzorapi street 40, Yerevan","30,000 ֏",AMD,"Տրվում է վարձով ավտոկայանատեղի, Ձորափի 40 շենքում (Էլիտ Գրուպի), 2-րդ հարկում։Ունի մշտական լույս, վերահսկվում է անվտանգության աշխատողների կողմից, մուտքը կողմնակի ավտոմեքենաների և մարդկանց համար փակ է։Կա 3 կայանատեղի, գինը մեկի համար է։Здаеться подземный гараж в центре на улице Дзорапа, имеется три места рядом, цена за единицу.В здании круглосуточная охрана.Underground parking in the center. Has electricity and security (entrance for not authorized people if forbidden)There are 3 parking close to each other. The price in this ad is for one only.Նաև վաճառվում է (ունի կադաստրային սերտիֆիկատ)Tакже продается (есть кадастровый сертификат)Also for Sale (has all necessary documents)Dzorap avtokayanatexi, dzorap, ձորափ, ձորափ ավտոկայանատեղի, автостоянка в центре, car parking in city center.",Nov-24-2022_16-43,,,,https://list.am/en/item/18032299
Parking Space,14 sq.m.,"Dzorapi street 40, Yerevan","30,000 ֏",AMD,"Տրվում է վարձով ավտոկայանատեղի, Ձորափի 40 շենքում (Էլիտ Գրուպի), 2-րդ հարկում։Ունի մշտական լույս, վերահսկվում է անվտանգության աշխատողների կողմից, մուտքը կողմնակի ավտոմեքենաների և մարդկանց համար փակ է։Կա 3 կայանատեղի, գինը մեկի համար է։Здаеться подземный гараж в центре на улице Дзорапа, имеется три места рядом, цена за единицу.В здании круглосуточная охрана.Underground parking in the center. Has electricity and security (entrance for not authorized people if forbidden)There are 3 parking close to each other. The price in this ad is for one only.Նաև վաճառվում է (ունի կադաստրային սերտիֆիկատ)Tакже продается (есть кадастровый сертификат)Also for Sale (has all necessary documents)Dzorap avtokayanatexi, dzorap, ձորափ, ձորափ ավտոկայանատեղի, автостоянка в центре, car parking in city center.",Nov-24-2022_16-43,,,,https://list.am/en/item/18033414
Garage,18 sq.m.,"1-й тупик улицы Грачья Ачаряна 5, Ереван","35,000 ֏",AMD,"Stone warm, dry garage.Translated from Armenian",Nov-24-2022_16-43,1 month,,,https://list.am/en/item/18207156
Garage,17 sq.m.,"Amiryan Street 27, Yerevan","30,000 ֏",AMD,It is given with a loan for automotive spark plugs and other things.DO NOT call to park or store foodTranslated from Armenian,Nov-24-2022_16-43,,,,https://list.am/en/item/15310740
Garage,22 sq.m.,"Hanrapetutyun street 82, Yerevan","45,000 ֏",AMD,A garage is for rent in the yard of Sayat Nova-Hanrapetutyan streetsTranslated from Armenian,Nov-24-2022_16-43,1 month,,,https://list.am/en/item/17527225
Garage,28 sq.m.,"Bashinjaghyan street 173, Yerevan","30,000 ֏",AMD,"The garage is made of stone. 6 meters wide. 4.3-meters, high. 4 meters, there is a hole (ema) as a parking lot up to 30 thousand, as a warehouse or any activity from 60 thousand.Translated from Armenian",Nov-24-2022_16-43,By Agreement,,,https://list.am/en/item/10528749
Garage,72 sq.m.,"Khudiakov St, Yerevan","120,000 ֏",AMD,"A space for rent, width 6 meters, length 12 m (72 square meters) You want to work like a car service. There are residential buildings everywhere. Those who wish should call or write.Translated from Armenian",Nov-24-2022_16-43,Without prepayment,,,https://list.am/en/item/18308653
Garage,18 sq.m.,"Erebuni street 28, Yerevan","$8,599",USD,"Stone garage, ownership certificate available, price is negotiableTranslated from Armenian",Nov-24-2022_16-43,,,,https://list.am/en/item/17305132
Garage,26 sq.m.,"Israyelyan street, Yerevan","35,000 ֏",AMD,It is for rent in a warehouse in the center. The area is monitored by cameras.Translated from Armenian,Nov-24-2022_16-43,,,,https://list.am/en/item/15953733
Garage,15 sq.m.,Yerevan › Shengavit,"20,000 ֏",AMD,A garage is for rent at Arshakunyats 56.Translated from Armenian,Nov-24-2022_16-43,,,,https://list.am/en/item/18010443
Parking Space,22 sq.m.,"Pavstos Buzand Street 17, Yerevan","45,000 ֏",AMD,"Parking space for long term rent. 45000 amd per month, min long term 6 months, do not call if less is needed will not be excepted.17 Buzand street Ramada parking.",Nov-24-2022_16-43,,,,https://list.am/en/item/18357435
Garage,50 sq.m.,"Charents street, Yerevan","200,000 ֏",AMD,"1 line of road for rent, suitable for all services, suitable for tuning salon's.Translated from Armenian",Nov-24-2022_16-43,,,,https://list.am/en/item/12734197
Garage,18 sq.m.,"Norashen block, Yerevan","$10,000",USD,"The garage is for sale, 18 square meters, it is located in the 3 chain of district 16, it is renovated and furnished, the roof is tiled, it has a basement of 16 square meters with metal polkas, there is a security and video surveillance system.Translated from Armenian",Nov-24-2022_16-43,,,,https://list.am/en/item/18247861
Garage,80 sq.m.,"Marshal Baghramyan avenue 54, Yerevan","25,000 ֏",AMD,"A semi-open spacious two-seater garage with a high ceiling is for rent with a monthly payment, next to school No. 76 (named after the former Kamo), AMD 25,000 per month for each car. It is also convenient to use as a warehouse, in case of warehouse, the price is negotiable. It has a roof, a stone wall on two sides, the other two sides are attached to the park, the entrance is through a gate (gate width 3m, height 2.80m, gazelle, Ford can enter), from Baghramyan Avenue, next to the school and the bus stop.Translated from Armenian",Nov-24-2022_16-43,,,,https://list.am/en/item/18216594
Garage,40 sq.m.,"Nansen street 1, Yerevan","190,000 ֏",AMD,"A car service point is for rent, 1st line, established business, has worked as a car service for 25 years, currently works, is provided with customers.Call for details.Translated from Armenian",Nov-24-2022_16-43,By Agreement,,,https://list.am/en/item/17802521
Garage,30 sq.m.,"Chekhov street 15, Yerevan","30,000 ֏",AMD,"Stone garage for rent. Next to Nzhdeh Square, at 15 Chekhov Street.Translated from Armenian",Nov-24-2022_16-43,,,,https://list.am/en/item/18249889
Garage,20 sq.m.,"Barbyus Street, Yerevan","25,000 ֏",AMD,Iron garage for rentTranslated from Armenian,Nov-24-2022_16-43,,,,https://list.am/en/item/18283314
Garage,20 sq.m.,"Մովսես Խորենացու փողոց 26, Երևան","50,000 ֏",AMD,"Stone garage, in the yard of Movses Khorenatsi 26 building, next to the Gold market. There is also a large iron rack in the garage.Translated from Armenian",Nov-24-2022_16-43,,,,https://list.am/en/item/18305987
Garage,24 sq.m.,"Ashot Hovhannisyan Street 14, Yerevan","25,000 ֏",AMD,"Garage garage for rent or $ 6,000Translated from Armenian",Nov-24-2022_16-43,,,,https://list.am/en/item/17173142
Parking Space,18 sq.m.,Yerevan › Arabkir,"40,000 ֏",AMD,"LONG-TERM parking space for rent in the ADONTSI 6/1 building of the Eraz district, in a very convenient place, which is guarded by a 24-hour security guard.Translated from Armenian",Nov-24-2022_16-43,,,,https://list.am/en/item/16656613
Garage,50 sq.m.,"Charents street, Yerevan","200,000 ֏",AMD,"For rent on the road, first line. Suitable for all services. Suitable for tuning shop plyonki polishing. Suitable for parts shop.Translated from Armenian",Nov-24-2022_16-43,,,,https://list.am/en/item/18021876
Garage,20 sq.m.,"Զաքյան փողոց 5/5, Երևան","70,000 ֏",AMD,"A garage with a common entrance is for rent by the owner. It can also be used as a storage room, there is a basement area with a car surface below.For more information call.Translated from Armenian",Nov-24-2022_16-43,,,,https://list.am/en/item/17718078
Garage,30 sq.m.,"Amiryan Street 20, Yerevan","28,000 ֏",AMD,An underground garage for rent! It is also suitable for storage.Translated from Armenian,Nov-24-2022_16-43,,,,https://list.am/en/item/17696654
Parking Space,18 sq.m.,Yerevan › Arabkir,"30,000 ֏",AMD,"A parking lot is for rent in a very convenient place in the building Adonts 6/1 in ERAZ district, which is guarded by a 24-hour security guard.Translated from Armenian",Nov-24-2022_16-43,3 months,,,https://list.am/en/item/18065789
Garage,65 sq.m.,"Northern Avenue, Yerevan","$2,000",USD,Urgent rent as a storage garage for 3 cars on North Ave.Translated from Armenian,Nov-24-2022_16-43,Without prepayment,,,https://list.am/en/item/18327499
Garage,,"Shirak street, Երևան","$15,000",USD,Ավտոտնակ ունի եռաֆազ հոսանքՄշտական խմելու ջուրԲաղկացած է 2 հարկից և նկուղից,Nov-24-2022_16-43,,,,https://list.am/en/item/15802105
Garage,30 sq.m.,"Charents block 13, Yerevan","30,000 ֏",AMD,"Garage for rent. It can be used for 1 or 2 cars. It can also be used as a storage room. Electricity is available. It is clean, dry and neat.Translated from Armenian",Nov-24-2022_16-43,,,,https://list.am/en/item/18104939
Garage,13 sq.m.,"David Anhaght street, Yerevan","20,000 ֏",AMD,"Դավիթ Անհաղթի 9 հասցեում վարձով է տրվում ժեշտից ավտոտնակ։ Հոսանք, ջուր, թարեքներ, դիտահոր չունի։20հազ. _ ամսեվճարով։",Nov-24-2022_16-43,,,,https://list.am/en/item/17223091
Garage,50 sq.m.,Yerevan › Arabkir,"$24,500",USD,"A garage is for sale in Arabkir community, in the yard in front of the church. 14 m. On 4.50. It is on the 2nd floor, on the 2nd floor there is a small house with its small yard. It has water and electricity.Translated from Armenian",Nov-24-2022_16-43,,,,https://list.am/en/item/16607782
Garage,32 sq.m.,"Sayat Nova avenue, Yerevan","$45,000",USD,"Վաճառվում է կիսաներգետնյա ավտոտնակ Սայատ-Նովա պող ․ կապիտալ վերանորոգված, Տիկնիկայինի բակում2 մեքենայի համար",Nov-24-2022_16-43,,,,https://list.am/en/item/16244799
Parking Space,25 sq.m.,"Yekmalyan street 1, Yerevan","100,000 ֏",AMD,"Renovated, closed parking lotTranslated from Armenian",Nov-24-2022_16-43,,,,https://list.am/en/item/15213865
Parking Space,3000 sq.m.,"Գյուլիքեվխյան փողոց, Երևան",500 ֏,AMD,"A car park / parking is for rent. The area can also be used as a warehouse. It is given in parts, 500 drams per square meter, the total area is 3000 square meters.Translated from Armenian",Nov-24-2022_16-43,,,,https://list.am/en/item/17869707
Garage,18 sq.m.,Yerevan › Arabkir,"$6,000",USD,Kare Avtonak Address Mamikonyants 38 in front of the building.Translated from Armenian,Nov-24-2022_16-43,,,,https://list.am/en/item/17240202
Garage,24 sq.m.,"Улица Хачатура Абовяна 38, Ереван","45,000 ֏",AMD,"Metal garage on Abovyan Street, in the yard of VTB Bank. For long-term rent, one month advance payment, 45,000 AMD per month.Translated from Armenian",Nov-24-2022_16-43,,,,https://list.am/en/item/15946613
Garage,20 sq.m.,"Abovyan street 42, Yerevan","100,000 ֏",AMD,"A garage is for rent in the center, in the courtyard of Abovyan 42 buildingTranslated from Armenian",Nov-24-2022_16-43,,,,https://list.am/en/item/18146237
Garage,14 sq.m.,"Проспект Комитаса 60/10, Ереван","35,000 ֏",AMD,"Сдаем гараж с ямой в аренду. Находится во дворе жилого дома.Վարձակալում ենք փոսային ավտոտնակ, կարող է օգտագործվել որպես պահեստ.",Nov-24-2022_16-43,,,,https://list.am/en/item/17257857
Garage,24 sq.m.,"Romanos Meliqyan street, Yerevan","30,000 ֏",AMD,The garage is rented to park a carTranslated from Armenian,Nov-24-2022_16-43,,,,https://list.am/en/item/17954933
Parking Space,10 sq.m.,"Verin Antarayin Street 123/3, Yerevan","30,000 ֏",AMD,Сдается комфортный паркинг на первом этаже новостройки,Nov-24-2022_16-43,,,,https://list.am/en/item/18120587
Garage,34 sq.m.,"Halabyan Street, Yerevan","$12,000",USD,"A stone garage is for sale on Halabyan street, in fizgorodok. Area 33.6 square meters for two cars; The garage has a certificate of ownership; PRICE $ 12,000Translated from Armenian",Nov-24-2022_16-43,,,,https://list.am/en/item/16229888
Parking Space,20 sq.m.,"Buzand St 1,3","60,000 ֏",AMD,"-1 floor, underground, security 24 hours, camerasTranslated from Armenian",Nov-24-2022_16-43,,,,https://list.am/en/item/14896760
Parking Space,90 sq.m.,"Artashisyan street, Yerevan","60,000 ֏",AMD,"The area enclosed by the nave is adjacent to the hospital, with a storage area at the back.Translated from Armenian",Nov-24-2022_16-43,1 month,,,https://list.am/en/item/17222804
Garage,24 sq.m.,"Vardanants Street 26, Yerevan","60,000 ֏",AMD,"A metal garage of 24 square meters is for rent in the yard of Vardanants 28 building in Yerevan, Mets Kentron Meter area.Translated from Armenian",Nov-24-2022_16-43,,,,https://list.am/en/item/18245311
Garage,36 sq.m.,"Paronyan street 22, Yerevan","5,000,000 ֏",AMD,"Garage for 2 cars, 36 square meters owned, all necessary documents available.Translated from Armenian",Nov-24-2022_16-43,By Agreement,,,https://list.am/en/item/15036575
Parking Space,10 sq.m.,"Tsarav Aghbyuri Street 55/11, Yerevan","30,000 ֏",AMD,Call for detailsTranslated from Armenian,Nov-24-2022_16-43,,,,https://list.am/en/item/17660771
Parking Space,18 sq.m.,Yerevan › Arabkir,"20,000 ֏",AMD,"Parking lot for rent in the dream district, on Adontsi street.Translated from Armenian",Nov-24-2022_16-43,,,,https://list.am/en/item/18059608
Garage,27 sq.m.,"Vagharsh Vagharshyan street 18, Yerevan","50,000 ֏",AMD,"Քարե ավտոտնակ Վաղարշ Վաղարշյան 18շենքի դիմաց, հոսանք առկա է, դարպասին կա երկու փական, ավտոտնակը չոր է։ Каменный гараж Вагарша Вагаршяна перед домом 18, электричество есть, на воротах две замка, гараж сухой.",Nov-24-2022_16-43,6 months,,,https://list.am/en/item/17862728
Garage,20 sq.m.,"Սեբաստիայի փողոց 1, Երևան","$12,000",USD,"For sale, following the ideal of a two-story Sebastia garageTranslated from Armenian",Nov-24-2022_16-43,By Agreement,,,https://list.am/en/item/17092258
Garage,32 sq.m.,"Mesrop Mashtots Avenue, Yerevan","90,000 ֏",AMD,"VERY URGENTLY. A two-story garage (garage + basement) is for rent, under the Mashtots 45A building. Entrance from Sarmeni street.It is equipped with electricity, security camera.It is also suitable for warehouse, business, commercial activities. The area is very dry.I will also cooperate with mediators.The price is negotiable, depending on the term and deposit. There is no such garage-padwal in the area under the mentioned conditions.Translated from Armenian",Dec-15-2022_20-27,1 month,"Electricity, heating, electric car charging","Video surveillance, 24/7 security",https://list.am/en/item/18696926
Garage,18 sq.m.,Yerevan › Erebuni,"30,000 ֏",AMD,"Stone garage for rent, 18 square metersTranslated from Armenian",Dec-15-2022_20-27,1 month,,,https://list.am/en/item/18651969
Parking Space,18 sq.m.,Yerevan › Arabkir,"30,000 ֏",AMD,"Nikogayos Adonts 4/3, parking lot number 148Translated from Armenian",Dec-15-2022_20-27,By Agreement,,,https://list.am/en/item/18622345
Garage,25 sq.m.,Yerevan › Kanaker-Zeytun,"30,000 ֏",AMD,It is a normal stone garage. It is not wet. It is located near private housesTranslated from Armenian,Dec-15-2022_20-27,1 month,,,https://list.am/en/item/18447873
Garage,57 sq.m.,"Դավթաշենի 1-ին փողոցի 1-ին նրբանցք, Երևան","80,000 ֏",AMD,"The garage is rented for parking the car, there is water and a toilet in the garage, we can negotiate the price for using other facilities.Translated from Armenian",Dec-15-2022_20-27,Without prepayment,,,https://list.am/en/item/18387521
Parking Space,22 sq.m.,"Dzorapi street 40, Yerevan","40,000 ֏",AMD,"Parking is for rent in building 40, Dzorap streetTranslated from Armenian",Dec-15-2022_20-27,By Agreement,,,https://list.am/en/item/17231395
Garage,20 sq.m.,"Улица Авета Аветисяна 80, Ереван","33,000 ֏",AMD,"Сдам подземный гараж, сухой.Въезд с перекрёстка улиц Аветисяна и Вахаршяна (прям у светофора), выезд на улицу В. Амбарцумяна (бывш. Гайдара), есть электричество, полки стеллажи по трём сторонам, смотровая яма.Цена /торг/ обратно пропорциональна сроку аренды.",Dec-15-2022_20-27,1 month,,,https://list.am/en/item/18566253
Garage,32 sq.m.,"Halabyan Street, Yerevan","25,000 ֏",AMD,"Garage for 2 cars for rent, call for detailsTranslated from Armenian",Dec-15-2022_20-27,By Agreement,,,https://list.am/en/item/18726570
Garage,20 sq.m.,"Garegin Nzhdeh Street, Yerevan",$200,USD,For more information callTranslated from Armenian,Dec-15-2022_20-27,Without prepayment,,,https://list.am/en/item/18510022
Garage,80 sq.m.,"Հաղթանակի 1-ին փողոց 1/26, Երևան","150,000 ֏",AMD,A very comfortable and clean garage in an active service stationsex viz service boxer box garageTranslated from Armenian,Dec-15-2022_20-27,By Agreement,,,https://list.am/en/item/18474627
Garage,30 sq.m.,"Azatutyan Avenue 9/4 null, Yerevan","30,000 ֏",AMD,"A stone space is for rent at 9/4 Azatutyan avenue, 33, which is intended for a garage and a warehouse. Three-phase power is availableThe sale of the area is also being considered.Translated from Armenian",Dec-15-2022_20-27,1 month,Electricity,,https://list.am/en/item/18725711
Garage,200 sq.m.,"Gusan Sheram Street, Yerevan","200,000 ֏",AMD,Гаражное помешение подойдет под склад,Dec-15-2022_20-27,,,,https://list.am/en/item/18578360
Parking Space,80 sq.m.,"Վազգեն Սարգսյան փողոց 10, Երևան","300,000 ֏",AMD,Parking is available for rentTranslated from Armenian,Dec-15-2022_20-27,By Agreement,,,https://list.am/en/item/18490633
Garage,50 sq.m.,"Arshakuniats Avenue, Yerevan","50,000 ֏",AMD,A garage is for rent near Yerevan Mall.Translated from Armenian,Dec-15-2022_20-27,1 month,,,https://list.am/en/item/18592036
Garage,90 sq.m.,"Ֆուչիկի 2-րդ նրբանցք 11/5, Երևան","400,000 ֏",AMD,"Garage, box room, workshop,3 boxes, each 30 square meters.Call for detailsTranslated from Armenian",Dec-15-2022_20-27,2 months,"Electricity, water, electric car charging",Video surveillance,https://list.am/en/item/18643690
Garage,16 sq.m.,"Derenik Demirchyan street, Yerevan","$40,000",USD,"Garage for sale in Yerevan Kentron D. At 27 Demirchyan Street, Building 4, GarageLand: 0.00186 Ha leaseGarage: 16.8 square meters propertyTranslated from Armenian",Dec-15-2022_20-27,By Agreement,,,https://list.am/en/item/18723491
Garage,18 sq.m.,"Vagharsh Vagharshyan Street, Yerevan","40,000 ֏",AMD,"Վարձով ավտոտնակ Արաբկիր, Վ. Վաղարշյան 15 շենքի բակում։Сдается в аренду гараж по адресу Ереван, Арабкирский район, ул. Вагаршяна 15.",Dec-15-2022_20-27,1 month,,,https://list.am/en/item/18394936
Parking Space,20 sq.m.,Yerevan › Davitashen,"15,000 ֏",AMD,"READ UNTIL THE END!There are 3 garages, in one of which it is possible to park up to 4, in the other 2, in the 3rd 1 car, as well as storage areas for storing different types of goods! For rent only LONG-TERM, NOT PROVIDED FOR DAILY USE! Garages and storage areas are safe! It is provided only as a long-term parking (parking), or unused goods (for example, household goods), for storage, for carrying out activities are not provided. Each car costs 20,000 AMD per month in case of parking for 1-12 months, 15,000 AMD per month in case of parking for 1 year or more.Areda garage:Garage rentGarage for rentGarage for rentRent garage:Parking:Angar:Parking:Parking:WarehouseATTENTION!IT IS ALSO NOT POSSIBLE TO OPERATE A CAR WASHING POINTTranslated from Armenian",Dec-15-2022_20-27,By Agreement,,,https://list.am/en/item/13152080
Garage,45 sq.m.,Yerevan › Ajapnyak,"150,000 ֏",AMD,"A 2-car stone garage is for rent in District 16 (first chain), in an area adjacent to the first line. The space is vaulted, clean and dry. Can serve as a garage, warehouse or production space.There is three-phase electricity, water, Wi-Fi (cheap tariff)Gasification is also possibleFor details, call the indicated numberTranslated from Armenian",Dec-15-2022_20-27,By Agreement,"Electricity, water",Video surveillance,https://list.am/en/item/17678564
Parking Space,18 sq.m.,"Նիկողայոս Ադոնց փողոց, Երևան","25,000 ֏",AMD,"Parking for rentThe parking lot is located in the underground part of the newly built building in Erz district, 6/2. There is a security service.Translated from Armenian",Dec-15-2022_20-27,1 month,,,https://list.am/en/item/18463771
Garage,24 sq.m.,"Vardanants Street 28, Yerevan","55,000 ֏",AMD,Comfortable garage in the yard of Vardanants 28 buildingTranslated from Armenian,Dec-15-2022_20-27,1 month,,,https://list.am/en/item/17677268
Garage,35 sq.m.,"Դավթաշեն 1-ին թաղամաս 20, Երևան","50,000 ֏",AMD,"Stone garage, garage for 2 cars, 2-way entrance.Will be free from January 1.Translated from Armenian",Dec-15-2022_20-27,1 month,Electricity,,https://list.am/en/item/18603799
Garage,20 sq.m.,"Vagharsh Vagharshyan street, Yerevan","60,000 ֏",AMD,Собственник. Во дворе 19 дома.,Dec-15-2022_20-27,1 month,Electricity,,https://list.am/en/item/18607332
Parking Space,"20,000 sq.m.",Yerevan › Erebuni,"500,000 ֏",AMD,"Warehouse plots for rent in the rear of Haykop base, suitable for container warehouses, if you don't want to pay for storage, buy a container and we provide spaces at very affordable prices. A new approach to warehouse tenants. Endless places also amenities.Can be used for business purposes of truck maintenance/washing/repairing and similar activities.Trucks for rent very large  parking lot  3 k from Tetsi Krug. Vehicles of any number and size can be parked on Arin Berdi street near the Haykop base with a distance of m. Parking lot.1000 square meters of industrial land for long-term lease. From m to 70,000 sq. At the rear of the M Haykop base. I exchange production land with luxury cars Lexus, Mercedes, Prado, Bentley, Rolls, from 30,000 to 300,000. The area is suitable for manufacturing, warehouses, parking lots, terminals, spare parts market, betonuzel, sarnaras, very large markets and similar businesses. The difference in the exchange price with a surcharge from us or you. There is a local business offer different from basalt  asphalt, concrete, and other types  we have a big opportunity to produce shebe, we have space, we have basalt, daily flow of 30 to 50 trucks, the cost of basalt is 0, if there are those who want to invest money for the mill, we are ready to cooperate, it is a very profitable offer. Profit from 20 to 30 million and more per month.We provide for rent  Autorasculachitis  areas 1000 sq. From m to 5000 sq. Making the M area a big market for spare parts, dismantle the cars and sell the parts on the spot. Limited 100 seats planned. The area is located 2 km from Tetsi hardware market. With a distance of m. Behind Hakop base. One container  + 1000 sq. The cost of renting an area is AMD 200,000 per month.We build and sell (boxers) on our own land at Erebuni / Arin Berd 15/1 in the rear of Haykop base. The projected size of the land is 200 sq. M garage 5*10=50 sq. The cost is AMD 10 million. We also have garages for trucks of various sizes according to the order project.Warehouse plots for rent in the rear of Haykop base, suitable for container warehouses, if you don't want to pay for storage, buy a container and we provide spaces at very affordable prices. A new approach to warehouse tenants. Endless spaces and conveniences.Can be used for business purposes of truck maintenance/washing/repairing and similar activities.Warehouse plots for rent in the back of the Aykop base, suitable for container warehouses, if you don't want to pay for storage, buy a container and we will provide space at very affordable prices. New approach to warehouse tenants Infinite spaces and conveniences.It can be used for commercial purposes for servicing/washing/repairing trucks and similar activities.WE PROVIDE COMFORTABLE AREAS FOR ACTIVITIES (DISCLOSURE) MARKET BASEАвтораскулачить рынок запчастей:3 MONTHS FOR FREE We rent out areas from 1000 to 5000 square meters, turning the territory into a large second-hand parts market, disassembling cars and selling spare parts on the spot. A limited number of 100 places are planned. В тылу базы Aykop. One container + area 1000 sq. М, the cost of rent is 200,000 AMD per month. If the container is free from you for 3 months.We also build and sell (boxes) on our own land plot at Erebuni/Arin Berd 15/1, behind Aykop base. The planned size of the land is 200 sq. M. (Box) garage 5*10=50 m. The cost is 10 mln. Dram. , garages of different area according to the project under order.WE PROVIDE CONVENIENT AREAS TO DO (RASKULACHIT) MARKET BASE         Auto rasculachit spare parts marketWe Provide 3 MONTHS FREE OF CHARGE  Autorasculachitis  areas 1000 sq. From m to 5000 sq. Making the M area a big market for spare parts, dismantle the cars and sell the parts on the spot. Limited 100 seats planned. The area is located 2 km from the Tetsi market. With a distance of m. At the rear of the Haykop base. One container  + 1000 sq. The cost of renting an area is AMD 200,000 per month. If the container from you 3 months free.We also build and sell (boxers) on our own land at Erebuni / Arin Berd 15/1 in the rear of Haykop base. The projected size of the land is 200 sq. M (Box) garage 5*10=50 sq. The cost is AMD 10 million. We also have garages for trucks of various sizes according to the order project.Translated from Armenian",Dec-15-2022_20-27,2 months,,,https://list.am/en/item/18556962
Parking Space,18 sq.m.,"Նիկողայոս Ադոնց փողոց, Երևան","25,000 ֏",AMD,"Parking lot in Adonts 6/1 building, has security service.Translated from Armenian",Dec-15-2022_20-27,Without prepayment,Electricity,"Video surveillance, 24/7 security",https://list.am/en/item/18500794
Parking Space,20 sq.m.,Yerevan › Ajapnyak,"30,000 ֏",AMD,"Parking space for rent at Arzumanyan 8/1. 30,000 AMD per month.Translated from Armenian",Dec-15-2022_20-27,Without prepayment,Electricity,"Automatic gates, video surveillance",https://list.am/en/item/18632959
Garage,24 sq.m.,"Sundukyan Street 15, Yerevan","20,000 ֏",AMD,Զանգահարել -10:00-20:00,Dec-15-2022_20-27,By Agreement,,,https://list.am/en/item/18721409
Parking Space,900 sq.m.,Yerevan › Malatia-Sebastia,"300,000 ֏",AMD,900 square meter paved and fenced lot for rentTranslated from Armenian,Dec-15-2022_20-27,,,,https://list.am/en/item/18580866
Parking Space,19 sq.m.,"Nikoghayos Adonts street, Yerevan","100,000 ֏",AMD,"A parking space is for rent in Eraz residential district, in Adontsi 4/3 building, the fee for 6 months is 100,000 AMDTranslated from Armenian",Dec-15-2022_20-27,6 months,,"Video surveillance, 24/7 security",https://list.am/en/item/18683400
Garage,40 sq.m.,"2-й квартал Давташен 6, Ереван","50,000 ֏",AMD,3.4x12For 2 carsTranslated from Armenian,Dec-15-2022_20-27,By Agreement,Electricity,,https://list.am/en/item/18720782
Garage,24 sq.m.,"Vardanants Street 28, Yerevan","55,000 ֏",AMD,"The garage is located in the courtyard of Vardanants building 28, it is large, it can accommodate 2 carsTranslated from Armenian",Dec-15-2022_20-27,1 month,,,https://list.am/en/item/18087144
Garage,30 sq.m.,"Bashinjaghyan street, Yerevan","60,000 ֏",AMD,"Garage for rentStone safe place for 2 cars, you can use it for any purpose, it has water, electricityTranslated from Armenian",Dec-15-2022_20-27,By Agreement,,,https://list.am/en/item/18508134
Garage,18 sq.m.,"Улица Фучика 5, Ереван","20,000 ֏",AMD,Металлический гараж,Dec-15-2022_20-27,3 months,,,https://list.am/en/item/18644745
Garage,30 sq.m.,Yerevan › Arabkir,"35,000 ֏",AMD,"The garage is located at the back of Yeritsyanner market, in the yard of building 23/1. Minimum period of 6 months. Write on viber or whatsapp.Translated from Armenian",Dec-15-2022_20-27,2 months,,,https://list.am/en/item/18662710
Garage,50 sq.m.,Yerevan › Erebuni,"90,000 ֏",AMD,"Сдаётся гараж, на 2 машины. Можно под склад или хранение вещей. Удобное месторасположение, в 30 м от ул Ростомян",Dec-15-2022_20-27,1 month,Electricity,Video surveillance,https://list.am/en/item/18682450
Parking Space,20 sq.m.,Yerevan › Kentron,"50,000 ֏",AMD,"Сдается в аренду гараж место для для машины в закрытом паркинге элитного дома на Северном проспекте- Hyusisain poghota.Долгосрочно.На территории есть видеонаблюдение, охрана, освещение.Տրվում է վարձով գառաժ ավտոկայանատեղ- փակ պարքինգում Հյուսիսաին Պողոտաի էլիտար բնակելի շենքի պարկինգում։Լուսավորվաց, տեսախցիկներով վերհսկվում է պարետի կողմից տարացքը։Երկարաժամկետ",Dec-15-2022_20-27,By Agreement,,,https://list.am/en/item/18117650
Parking Space,18 sq.m.,Yerevan › Arabkir,"25,000 ֏",AMD,"A parking space for rent in the parking lot of the 4th building of Adontsi, 18 square meters.Translated from Armenian",Dec-15-2022_20-27,By Agreement,,"Video surveillance, 24/7 security",https://list.am/en/item/18717652
Garage,18 sq.m.,Yerevan › Arabkir,"25,000 ֏",AMD,Stone garage for rent.Translated from Armenian,Dec-15-2022_20-27,Without prepayment,,,https://list.am/en/item/18701618
Garage,20 sq.m.,"Քանաքեռ 1-ին փողոց null, Երևան","120,000 ֏",AMD,"Space for rent, very suitable for electrician, vulcanization. If you have any questions, call...Translated from Armenian",Dec-15-2022_20-27,By Agreement,"Electricity, water",,https://list.am/en/item/18717612
Parking Space,20 sq.m.,"Հասմիկի փողոց, Երևան","20,000 ֏",AMD,"Space is provided as a storage, semi-basement, equipped with ventilation and security systems.Translated from Armenian",Dec-15-2022_20-27,1 month,Electricity,,https://list.am/en/item/18568583
Garage,18 sq.m.,"Թոթովենցի փողոց 6/2, Երևան","15,000 ֏",AMD,A garage is for rent in the 2nd block of Nor NorkTranslated from Armenian,Dec-15-2022_20-27,By Agreement,,,https://list.am/en/item/18655846
Garage,28 sq.m.,"Nansen street lane 5, Yerevan","50,000 ֏",AMD,"Сдается железный гараж в 1 массиве, долгосрочную аренду, 1-я линия, ул. Нансена, 5 рядом парк, церковь, Площадь: 28 кв/м.В окрестностях: Рынок, Мега Молл, банки.Звоните, чтобы узнать более дательную информацию.",Dec-15-2022_20-27,Without prepayment,,,https://list.am/en/item/18398830
Garage,20 sq.m.,"Anastas Mikoyan street, Yerevan","22,000 ֏",AMD,"NEWLY BUILT IN THE BUILDING. VARCOVe: Garage for rent, parking lot, in front of Mikoyan 2/3 Armenia TV, with Bokonik supermarket, under the white new building, on the ground floor, controlled by cameras, bright, safethe elevator goes down to that floor.Dimensions 3.10 m X 6.60 m.Translated from Armenian",Dec-15-2022_20-27,By Agreement,,,https://list.am/en/item/15835114
Garage,26 sq.m.,"Կարապետ Ուլնեցու փողոց 30Ա, Երևան","50,000 ֏",AMD,Garage for rent in Monument.Translated from Armenian,Dec-15-2022_20-27,2 months,,,https://list.am/en/item/18583088
Garage,18 sq.m.,"Tigran Petrosyan street 1, Yerevan","15,000 ֏",AMD,"Garage for rent, in excellent condition, dry.Translated from Armenian",Dec-15-2022_20-27,2 months,Electricity,,https://list.am/en/item/18699447
Garage,50 sq.m.,"Դավթաշեն 1-ին թաղամաս 10 null, Երևան","80,000 ֏",AMD,"An underground garage is for rent, 2 attached garages with separate gates, it has a separate door exit from the garage itself, that is, its own exit, no one else can use it, the ceiling is very high, the length is 7 meters by 7, the floor is concrete, very easy access, right in front of Evoka bank. Entrance from the main street, garage under the football field, call for details and priceTranslated from Armenian",Dec-15-2022_20-27,3 months,Electricity,,https://list.am/en/item/18694642
Garage,55 sq.m.,"Bashinjaghyan deadlock, Yerevan","70,000 ֏",AMD,"Garage for rentQuarter near Gevorg Chausi Square2 rooms, high ceiling. The area is suitable as:Workshop or warehouseto use.Translated from Armenian",Dec-15-2022_20-27,1 month,"Electricity, water",24/7 security,https://list.am/en/item/18625914
Garage,50 sq.m.,Yerevan › Nor Nork,"80,000 ֏",AMD,Urgent. A car box is for rent. It is an active car service. It is located at 132 Davit Bek. Call for details.Translated from Armenian,Dec-15-2022_20-27,1 month,"Electricity, water",Video surveillance,https://list.am/en/item/18656448
Garage,28 sq.m.,"Նար-Դոսի փողոց 73Ա, Երևան","50,000 ֏",AMD,"Price for sale is $25,000For 2 carsTranslated from Armenian",Dec-15-2022_20-27,By Agreement,,,https://list.am/en/item/18377804
Garage,40 sq.m.,"Nazarbekyan block, Yerevan","20,000 ֏",AMD,Stone garage. Renovated.Translated from Armenian,Dec-15-2022_20-27,2 months,,,https://list.am/en/item/18498424
Garage,60 sq.m.,Yerevan › Malatia-Sebastia,"130,000 ֏",AMD,"Space for rent for Box car service, etc. , there is yamaha, suitable for khadavik, gazavik, blow-blower, motorist, etc.The space is enough to work on 2 cars at the same time.The intersection of Malatia-Sebastia and Shahumyan 18 streets, near the 999 gas stationTranslated from Armenian",Dec-15-2022_20-27,By Agreement,,,https://list.am/en/item/18662645
Garage,18 sq.m.,"Atoyan street passing, Yerevan","40,000 ֏",AMD,"A garage for rent, suitable for use as a workshop, has electricity and a separate meter. Located in Atoya Pass, the picture shows a different garageTranslated from Armenian",Dec-15-2022_20-27,2 weeks,Electricity,,https://list.am/en/item/18571171
Garage,30 sq.m.,"Nar-Dos street, Yerevan","35,000 ֏",AMD,"The garage is located in the yard of the residential area, very convenient to use as storage.Translated from Armenian",Dec-15-2022_20-27,By Agreement,,,https://list.am/en/item/18616428
Parking Space,18 sq.m.,"Nikoghayos Adonts street 6, Yerevan","20,000 ֏",AMD,Parking lot of Nikohayos Adonts 6 building. It is located 35-40 meters from the parking lot entrance. Parking:Translated from Armenian,Dec-15-2022_20-27,,,,https://list.am/en/item/18389748
Garage,18 sq.m.,Yerevan › Arabkir,"30,000 ֏",AMD,Underground garage 3*6 for rentTranslated from Armenian,Dec-15-2022_20-27,1 month,,,https://list.am/en/item/18709912
Parking Space,18 sq.m.,Yerevan › Arabkir,"20,000 ֏",AMD,Adonts 4/3 addressNear the main entrance and elevatorTranslated from Armenian,Dec-15-2022_20-27,Without prepayment,,24/7 security,https://list.am/en/item/18688188
Garage,18 sq.m.,"Avan-Arinj 1st micro, Yerevan","25,000 ֏",AMD,"A stone garage is for rent/for sale in Avan ArinjThe garage is located in Avan Arinj 1 microdistrict, near buildings 1/7, 1/8. There is a car wash next doorTranslated from Armenian",Dec-15-2022_20-27,By Agreement,,,https://list.am/en/item/18216235
Garage,20 sq.m.,"Galshoyan street, Yerevan","20,000 ֏",AMD,Next to the blind buildingTranslated from Armenian,Dec-15-2022_20-27,1 month,Electricity,,https://list.am/en/item/18656371
Garage,19 sq.m.,Yerevan › Kentron,"40,000 ֏",AMD,Garage for rent. For more information call.Translated from Armenian,Dec-15-2022_20-27,Without prepayment,,,https://list.am/en/item/18593418
Garage,20 sq.m.,"Դավիթ Մալյան փողոց 8, Երևան","$7,000",USD,Hurry! For more information callTranslated from Armenian,Dec-15-2022_20-27,By Agreement,,,https://list.am/en/item/18707273
Garage,20 sq.m.,Yerevan › Ajapnyak,"25,000 ֏",AMD,"20 square meters for rent. M. Stone garage in district 15, next to Garage Mall.Near the intersection of Shiraz and Mazmanyan streets.Translated from Armenian",Dec-15-2022_20-27,1 month,,,https://list.am/en/item/18705059
Garage,60 sq.m.,"Հաղթանակի 1-ին փողոց 1/23, Երևան","100,000 ֏",AMD,"The boxer is in ideal condition, the boxer is in good condition, call for the rest.Translated from Armenian",Dec-15-2022_20-27,,,,https://list.am/en/item/18508024
Garage,30 sq.m.,"Arno Babajanian street 87, Yerevan","25,000 ֏",AMD,"Garage comfortable, covered, with electricityTranslated from Armenian",Dec-15-2022_20-27,1 month,Electricity,,https://list.am/en/item/18634999
Parking Space,18 sq.m.,"Նիկողայոս Ադոնցի փողոց 6/2, Երևան","25,000 ֏",AMD,"Parking lot #4 is for rent at Adonts 6/2, near the first entranceTranslated from Armenian",Dec-15-2022_20-27,By Agreement,,"Automatic gates, video surveillance, 24/7 security",https://list.am/en/item/18586837
Garage,60 sq.m.,Yerevan › Shengavit,"130,000 ֏",AMD,"It is for rent or 5050 car maintenance point is related to the car service, there is always a jobTranslated from Armenian",Dec-15-2022_20-27,,,,https://list.am/en/item/18431971
Garage,18 sq.m.,"Avan-Arinj 2nd micro, Yerevan","20,000 ֏",AMD,"A garage is for rent near building 2/8 of the 2nd microdistrict of Avan-Arinj, next to the kindergarten, close to the road, panel covering (кровля), the floor is concrete, there is a pit.Translated from Armenian",Dec-15-2022_20-27,Without prepayment,,,https://list.am/en/item/18607720
Garage,15 sq.m.,Yerevan › Kanaker-Zeytun,"15,000 ֏",AMD,"The garage is located in Monument, Armen Tigranyan 5 building, for more details visitTranslated from Armenian",Dec-15-2022_20-27,1 month,,,https://list.am/en/item/18638834
Garage,18 sq.m.,"Jrvezh 1-st street, Yerevan","20,000 ֏",AMD,"The garage is located at the beginning of the road leading to Jrvezh village, very close to the buildings. The garage is metal. For long-term rent.Translated from Armenian",Dec-15-2022_20-27,1 month,,,https://list.am/en/item/18408680
Garage,30 sq.m.,Yerevan › Kentron,"60,000 ֏",AMD,Stone garage in CharentsIt is provided with electricity and waterCall in case of questionsTranslated from Armenian,Dec-15-2022_20-27,2 months,"Electricity, water",,https://list.am/en/item/18677714
Garage,20 sq.m.,"Khaghag Don street, Yerevan","$6,000",USD,"Stone garage for urgent sale at 17 Athirin Don Street, call for detailsTranslated from Armenian",Dec-15-2022_20-27,Without prepayment,,,https://list.am/en/item/18593555
Garage,24 sq.m.,"Avan-Arinj 1st micro, Yerevan","20,000 ֏",AMD,"A dry garage in good condition is for rent, urgently in Avan Arinj, it is located above the technical center and the bistro, the price is AMD 20,000Translated from Armenian",Dec-15-2022_20-27,Without prepayment,,,https://list.am/en/item/18547164
Parking Space,61 sq.m.,Yerevan › Kentron,"400,000 ֏",AMD,"Сдаётся 2 комнатная квартира в центре на улице Ерванд Кочар 9/7этаж, квартира светлая со всеми удобствами",Dec-15-2022_20-27,1 month,,,https://list.am/en/item/18572316
Garage,23 sq.m.,"Boryan street 2, Yerevan","25,000 ֏",AMD,A garage is for rent in the first block.Translated from Armenian,Dec-15-2022_20-27,1 month,,,https://list.am/en/item/18656920
Garage,20 sq.m.,"Azatutyan Avenue lane, Yerevan","30,000 ֏",AMD,"Сдается металлический гараж на пр. Азатутян. За магазином НОР ЗОВК. Есть электричество, сухой и теплый гараж. Цена 30 т. Драм.",Dec-15-2022_20-27,1 month,Electricity,,https://list.am/en/item/18607753
Parking Space,1600 sq.m.,"Արցախի պողոտա 47/3, Երևան","200,000 ֏",AMD,"Վարձով է տրվում մեծ բեռնատար մեքենաների ավտոկայանատեղի 1600Քմ կարող է ծառայել նաև մարդատարի համար: Շինանյութի բաց պահեստ նմանատիպ գործունեյությունների համար: Ավտո պահեստամասերի օկտագործված: Տարածքում կա 70ք. Մ փակ պահեստ:Մետաղների ընդուման կետ.Վարձակալության է տրվում Բեռնատարների շատ մեծ ավտոկայանատեղի Տեցի կռուգից 3 կ. Մ հեռավորությամբ Հայկոփ բազայի մոտակայքում Արին բերդի փողոցում կարող է կայանել ցանկացած քանակի մեծությանըոխնիկաներ և մեքենաներ: Կայանատեղի:Сдается очень большая стоянка для грузовых автомобилей, в 3 км от круга Тетси, рядом с базой Айкоп, на улице Арин Берди, можно парковать любого размера. Автостоянка.A very large parking lot for trucks is for rent, 3 km from Tetsi krug, near the Haykop base, on Arin Berdi street, it can be parked in any size. Parking lot.Translated from Armenian",Dec-15-2022_20-27,,,,https://list.am/en/item/17814182
Garage,26 sq.m.,"Sevan street, Yerevan","35,000 ֏",AMD,"A 26 square meter garage is for rent in Zeytun, in the yard of building 90 in Sevak.Translated from Armenian",Dec-15-2022_20-27,By Agreement,,Automatic gates,https://list.am/en/item/18658796
Garage,50 sq.m.,Yerevan › Erebuni,"100,000 ֏",AMD,"An area of 50 square meters is for rent, it can be used as a warehouse. The roof is made of concrete.Translated from Armenian",Dec-15-2022_20-27,,,,https://list.am/en/item/18441837
Garage,30 sq.m.,Yerevan › Kentron,"25,000 ֏",AMD,"Stone, with iron gates, safe locks, lighted, 1 bed, in the city centerTranslated from Armenian",Dec-15-2022_20-27,Without prepayment,,,https://list.am/en/item/18685556
Garage,18 sq.m.,"Gyulbenkyan street 28, Yerevan","40,000 ֏",AMD,Сдается в аренду подземный гараж (18кв) рядом со зданием Гюльбенкяна 27 (магазин Bonus/Urartu)Возможен также обмен на машину Toyota Camry (2010 года и выше) с дополнительной оплатой с моей стороны․,Dec-15-2022_20-27,,,,https://list.am/en/item/18352656
Garage,72 sq.m.,"Khudiakov St , Yerevan","120,000 ֏",AMD,"A space for rent, width 6 meters, length 12 m (72 square meters) You want to work like a car service. There are residential buildings everywhere. Those who wish should call or write.Translated from Armenian",Dec-15-2022_20-27,By Agreement,,,https://list.am/en/item/18637924
Garage,33 sq.m.,Yerevan › Avan,"25,000 ֏",AMD,Сдается в аренду гараж 33 кв. М. Так же можно использовать как кладовую. Подвесной потолок а так же полки для хранения. Адрес Кучак 47,Dec-15-2022_20-27,By Agreement,,,https://list.am/en/item/18679730
Garage,20 sq.m.,"Ohanov street, Yerevan","15,000 ֏",AMD,The situation in Bangladesh is very goodTranslated from Armenian,Dec-15-2022_20-27,By Agreement,Electricity,,https://list.am/en/item/18621177
Parking Space,26 sq.m.,Yerevan › Kentron,"25,000 ֏",AMD,"Garage for rent (underground parking) in Glendale Hills neighborhood, three sides wall.Translated from Armenian",Dec-15-2022_20-27,,,,https://list.am/en/item/18487442
Garage,50 sq.m.,"Tigran Mets avenue 3rd lane, Yerevan","50,000 ֏",AMD,Stone garage for rentTranslated from Armenian,Dec-15-2022_20-27,1 month,,,https://list.am/en/item/18649403
Garage,19 sq.m.,"Mikayel Nalbandyan Street 50/2, Yerevan","25,000 ֏",AMD,"Վարձով է տրվում ստորգետնյա ավտոտնակ. Ավտոմատ դարպասներ մուտքի մոտ: Հենց կենտրոնը.Սախարովի հրապարակ, Նալբանդյան 50/2.Сдается в аренду подземный гараж. Автоматические ворота на въезде. Самый центр.Площадь Сахарова, ул. Налбандяна 50/2.",Dec-15-2022_20-27,By Agreement,,Automatic gates,https://list.am/en/item/18664427
Garage,40 sq.m.,"Minas Avetisyan 4th street, Yerevan","40,000 ֏",AMD,A stone garage for 2 cars is for rent. Can also serve as a spare part.Translated from Armenian,Dec-15-2022_20-27,By Agreement,"Electricity, water",Automatic gates,https://list.am/en/item/18618713
Parking Space,2000 sq.m.,Yerevan › Nor Nork,500 ֏,AMD,"Parking space for rent.Suitable for vans, large cars and long term parking.For more information call:Translated from Armenian",Dec-15-2022_20-27,,,,https://list.am/en/item/18463783
Parking Space,21 sq.m.,"Цицернакабердское шоссе 1/2, Ереван","15,000 ֏",AMD,Парковочное место -3 этаж,Dec-15-2022_20-27,Without prepayment,,,https://list.am/en/item/18412799
Garage,18 sq.m.,Yerevan › Davitashen,"20,000 ֏",AMD,"For rent, renovated garage, close to the streetTranslated from Armenian",Dec-15-2022_20-27,By Agreement,Electricity,,https://list.am/en/item/18655823
Parking Space,18 sq.m.,"Argishti street, Yerevan","40,000 ֏",AMD,It is located on the minus third floor of Argisht 11/12 building.Translated from Armenian,Dec-15-2022_20-27,,,,https://list.am/en/item/18419733
Garage,30 sq.m.,"Erebuni street 30, Yerevan","130,000 ֏",AMD,"A garage is for rent for use as a car service place. There is electricity (dangrat), there are all facilities. For more information callTranslated from Armenian",Dec-15-2022_20-27,2 weeks,,,https://list.am/en/item/18524840
Garage,25 sq.m.,"Marshal Baghramyan avenue 46, Yerevan","35,000 ֏",AMD,"Stone garage, shelvingTranslated from Armenian",Dec-15-2022_20-27,By Agreement,Electricity,,https://list.am/en/item/18625015
Parking Space,17 sq.m.,"Nikoghayos Adonts Street 4, Yerevan","25,000 ֏",AMD,"Underground parking for rent, near the elevator, building 4/3, Eraz districtTranslated from Armenian",Dec-15-2022_20-27,1 month,,,https://list.am/en/item/18465150
Parking Space,24 sq.m.,"Nalbandyan street, Yerevan","50,000 ֏",AMD,"Парковка 24кв на улице Налбандяна, в здании новостройки. Выходы на улицу Абовяна и Налбандяна.Parking 24sq at Nalbanyan street, building parking. Exists to Aboyan and Nalbandyan streert.",Dec-15-2022_20-27,Without prepayment,,,https://list.am/en/item/18449337
Garage,36 sq.m.,Yerevan › Arabkir,"30,000 ֏",AMD,"Капитальный железобетонный гараж с профильной крышей и мощными дверями с секретными замками, с электричеством",Dec-15-2022_20-27,,,,https://list.am/en/item/18214519
Parking Space,15 sq.m.,"Tsarav Aghbyuri Street 55/5, Yerevan","35,000 ֏",AMD,"Underground parking for rent at 55/5, Tsarav Borzor, AvanUnder the 1st entranceTranslated from Armenian",Dec-15-2022_20-27,,,,https://list.am/en/item/18475725
Garage,18 sq.m.,Yerevan › Kanaker-Zeytun,"20,000 ֏",AMD,"Dry stone garage for rent in Zeytun, next to Rubinyants 2 building, garage, storage, call for detailsTranslated from Armenian",Dec-15-2022_20-27,By Agreement,,,https://list.am/en/item/18578475
Garage,30 sq.m.,Yerevan › Erebuni,"20,000 ֏",AMD,Nor-Aresh 7 streetTranslated from Armenian,Dec-15-2022_20-27,By Agreement,Electricity,,https://list.am/en/item/18593550
Garage,20 sq.m.,"Դավթաշեն 4-րդ թաղամաս , Երևան","50,000 ֏",AMD,Davitashen 4th district call the number belowTranslated from Armenian,Dec-15-2022_20-27,Without prepayment,,,https://list.am/en/item/18628393
Garage,25 sq.m.,"Tumanyan street, Yerevan",$200,USD,The garage can serve as storageTranslated from Armenian,Dec-15-2022_20-27,By Agreement,Electricity,,https://list.am/en/item/18614581
Garage,50 sq.m.,"Erkatughayinneri 7-th street, Yerevan","80,000 ֏",AMD,A garage is for rent on the street of YeratughayinaniTranslated from Armenian,Dec-15-2022_20-27,By Agreement,Electricity,,https://list.am/en/item/18622311
Garage,160 sq.m.,"Հաղթանակ թաղամաս 1-րդ փողոց, Երևան","250,000 ֏",AMD,"2 garages (box) with their own territory are for rent near Derzhava factory. Rent: AMD 250,000 per month.Translated from Armenian",Dec-15-2022_20-27,Without prepayment,,,https://list.am/en/item/18453662
Garage,90 sq.m.,"Qanaker 13th street, Yerevan","$9,000",USD,Garages in Kanaker2 metal garages and an adjacent area are for sale on Kanaker 13th StreetTranslated from Armenian,Dec-15-2022_20-27,Without prepayment,,,https://list.am/en/item/18491339
Parking Space,20 sq.m.,"Northern Avenue 8, Yerevan","50,000 ֏",AMD,A parking lot is for rent at 8 North Ave.Translated from Armenian,Dec-15-2022_20-27,By Agreement,,,https://list.am/en/item/18616436
Garage,20 sq.m.,"Zakian 1st deadlock 1, Yerevan","35,000 ֏",AMD,"The price is negotiable. The garage is located in Zakyan, G. Lusavorich, M. In the middle of Mashtots streets.Translated from Armenian",Dec-15-2022_20-27,By Agreement,,,https://list.am/en/item/18615494
Garage,25 sq.m.,"Zakaria Sarkavag street, Yerevan","15,000 ֏",AMD,I am renting out my garage. Items shown in the photo will be removed.Translated from Armenian,Dec-15-2022_20-27,By Agreement,,,https://list.am/en/item/18604016
Garage,25 sq.m.,Yerevan › Ajapnyak,"30,000 ֏",AMD,"Garage for rent in district 16 in front of buildings 14,15,16,17Translated from Armenian",Dec-15-2022_20-27,By Agreement,,,https://list.am/en/item/18591022
Garage,40 sq.m.,Yerevan › Avan,"100,000 ֏",AMD,A garage is available for rent. It is convenient to park a car (it will fit even two cars) and to use it as a storage room.Translated from Armenian,Dec-15-2022_20-27,Without prepayment,,,https://list.am/en/item/18474689
Parking Space,23 sq.m.,"Dzorapi street 40, Yerevan","25,000 ֏",AMD,"Сдается в аренду парковочное место на ул. Дзорапи 40.23 кв. М. Этаж P2 в пяти метрах от лифта, круглосуточная охрана.",Dec-15-2022_20-27,1 month,Electricity,"Video surveillance, 24/7 security",https://list.am/en/item/18588882
Garage,43 sq.m.,"Նանսեն փողոցի նրբանցք 6, Երևան","20,000 ֏",AMD,"Stone garage for rent. It is very convenient for parking a car.Address: Nansen 1st Lane, Building 6There is a video surveillance system in the area.There is no power and the water is off in the garage.For more information call.Translated from Armenian",Dec-15-2022_20-27,,,,https://list.am/en/item/18580930
Garage,30 sq.m.,"Simon Vratsyan street 71, Yerevan","60,000 ֏",AMD,"Քարե ավտոտնակ կենտրոնում (Գնունի փողոցի մանրածախ խանութների մոտ) ։ Կարող է ծառայել տարբեր նպատակների համար, ներառյալ որպես 2 մեքենայի կայանատեղի կամ պահեստ։Каменный гараж в центре, рядом с розничными магазинами на улице Гнуни. Он может служить самым разным целям, в том числе в качестве парковки 2 машины или склада.",Dec-15-2022_20-27,,,,https://list.am/en/item/18567584
Parking Space,20 sq.m.,"Verin Antarayin street, Yerevan","30,000 ֏",AMD,Верин Антараин 123/3,Dec-15-2022_20-27,,,,https://list.am/en/item/18539936
Garage,70 sq.m.,"Charents street, Yerevan","250,000 ֏",AMD,"Call only Viber/Whatsapp to specified phone numberA garage on Charents street is for rent. It is on the first line, it is suitable for carrying out commercial activities: Car service.Call only Viber/Whatsapp to specified phone numberTranslated from Armenian",Dec-15-2022_20-27,,,,https://list.am/en/item/18487743
Parking Space,20 sq.m.,"Northern Avenue, Yerevan","55,000 ֏",AMD,Parking for rent on North Avenue with 3 entrances in the Tizziano Cafe buildingIt is monitored 24 hours a day.Translated from Armenian,Dec-15-2022_20-27,,,,https://list.am/en/item/18397517
Parking Space,40 sq.m.,"Amiryan Street 4/6, Yerevan",$100,USD,Парковка в элитном домепо другим вопросам звонить по телефону!Այլ հարցերի դեպքում զանգահարել նշված հեռախոսահամարներով!,Dec-15-2022_20-27,,,,https://list.am/en/item/18384097
Garage,20 sq.m.,"Marshal Baghramyan avenue, Yerevan","25,000 ֏",AMD,Clean dry garageTranslated from Armenian,Dec-15-2022_20-27,,,,https://list.am/en/item/18495273
Garage,14 sq.m.,"Totovents street, Yerevan","20,000 ֏",AMD,Թոթովենց 8 շենքի դիմաց,Dec-15-2022_20-27,,,,https://list.am/en/item/18450689
Garage,24 sq.m.,"Aram Khachatryan street 21a, Yerevan","30,000 ֏",AMD,"A stone garage is for rent in Arabkir, which can serve as both a parking space and a warehouse.Translated from Armenian",Dec-15-2022_20-27,,,,https://list.am/en/item/18470024
Parking Space,19 sq.m.,"Antarayin Street 160/7, Yerevan","40,000 ֏",AMD,Парковка на ул. Антараин,Dec-15-2022_20-27,,,,https://list.am/en/item/18429097
Garage,50 sq.m.,Yerevan › Kentron,"100,000 ֏",AMD,Arshakunyats strFor more information callTranslated from Armenian,Dec-15-2022_20-27,,,,https://list.am/en/item/18381760
Garage,30 sq.m.,"Viktor Hambartsumyan street, Yerevan","100,000 ֏",AMD,A garage with all utilities is suitable for the desired business.Translated from Armenian,Dec-15-2022_20-27,,,,https://list.am/en/item/18475147
Garage,40 sq.m.,Yerevan › Avan,"100,000 ֏",AMD,A garage is available for rent. It is convenient to park a car (it will fit even two cars) and to use it as a storage room.Translated from Armenian,Dec-15-2022_20-27,,,,https://list.am/en/item/18474681
